posID,TAG,tag,TIME,time,X,Y,NBS,VARX,VARY,COVXY,X_raw,Y_raw
1,31001003265,3265,1693210123.559,2023-08-28T08:08:43.559Z,646547.86762605,5913285.65056814,9,10.5698289871216,1.99496150016785,-2.939129114151,646547.86762605,5913285.65056814
2,31001003265,3265,1693210131.558,2023-08-28T08:08:51.558Z,646547.86762605,5913183.66514174,10,14.7344579696655,4.3909649848938,-5.14157342910767,646510.343878234,5913183.66514174
3,31001003265,3265,1693210139.558,2023-08-28T08:08:59.558Z,646618.630368123,5913045.14476432,3,206.73844909668,44.550666809082,-91.9622573852539,646618.630368123,5913045.14476432
4,31001003265,3265,1693210147.558,2023-08-28T08:09:07.558Z,646719.332753962,5912983.10745513,10,7.57496118545532,3.62308931350708,-0.945820093154907,646719.332753962,5912983.10745513
5,31001003265,3265,1693210155.558,2023-08-28T08:09:15.558Z,646956.459134876,5912911.79303797,3,454.544464111328,159.599334716797,-251.084457397461,646956.459134876,5912911.79303797
6,31001003265,3265,1693210163.558,2023-08-28T08:09:23.558Z,647143.015782517,5912875.02534042,6,21.764347076416,6.04955244064331,-7.49361038208008,647143.015782517,5912875.02534042
7,31001003265,3265,1693210179.558,2023-08-28T08:09:39.558Z,647401.848298852,5912833.40419627,5,140.986572265625,14.9832410812378,-18.8603820800781,647401.848298852,5912833.40419627
8,31001003265,3265,1693211179.507,2023-08-28T08:26:19.507Z,648507.4740878,5912820.42423829,10,45.2006645202637,216.660278320313,82.628288269043,648507.4740878,5912820.42423829
9,31001003265,3265,1693211187.507,2023-08-28T08:26:27.507Z,648633.115590811,5912737.77709365,10,26.9048919677734,151.319671630859,49.8936195373535,648633.115590811,5912731.59228188
10,31001003265,3265,1693211195.508,2023-08-28T08:26:35.508Z,648776.597136501,5912731.59228188,11,42.2878875732422,11.4471645355225,14.7026081085205,648776.597136501,5912737.77709365
12,31001003265,3265,1693211211.508,2023-08-28T08:26:51.508Z,649072.106626196,5912670.72888034,11,22.1694145202637,21.4542980194092,11.5081148147583,649072.106626196,5912670.72888034
13,31001003265,3265,1693211219.508,2023-08-28T08:26:59.508Z,649072.106626196,5912625.45334362,8,94.2874450683594,25.126485824585,38.8671417236328,649205.889400488,5912625.45334362
14,31001003265,3265,1693211227.507,2023-08-28T08:27:07.507Z,649205.889400488,5912618.28431091,10,21.130916595459,6.59974908828735,8.93817043304443,649349.136349814,5912618.28431091
15,31001003265,3265,1693232434.687,2023-08-28T14:20:34.687Z,649245.256501052,5912147.70428511,3,183.011917114258,1781.04968261719,296.269775390625,646920.16255333,5900554.5585074
16,31001003265,3265,1693232442.687,2023-08-28T14:20:42.687Z,649245.256501052,5912079.85930041,3,932.604736328125,194.223022460938,255.015747070313,649483.826217395,5912147.70428511
17,31001003265,3265,1693232450.686,2023-08-28T14:20:50.686Z,649245.256501052,5911997.0565523,8,44.8933639526367,12.1508092880249,19.0535449981689,649365.3708887,5912079.85930041
18,31001003265,3265,1693232458.685,2023-08-28T14:20:58.685Z,649245.256501052,5911997.0565523,9,15.5266885757446,3.96896696090698,2.03790187835693,649245.256501052,5911997.0565523
19,31001003265,3265,1693232466.684,2023-08-28T14:21:06.684Z,649140.106513219,5911898.62729749,9,12.1806201934814,5.63875007629395,4.60791492462158,649140.106513219,5911898.62729749
20,31001003265,3265,1693232474.683,2023-08-28T14:21:14.683Z,649114.941968647,5911788.07354738,9,7.9372820854187,2.08212232589722,2.20800495147705,649095.266487111,5911788.07354738
21,31001003265,3265,1693232482.682,2023-08-28T14:21:22.682Z,649114.941968647,5911654.78563097,9,7.21990871429443,1.70741891860962,1.11635518074036,649065.830193589,5911654.78563097
22,31001003265,3265,1693232490.681,2023-08-28T14:21:30.681Z,649114.941968647,5911514.17115829,9,3.38157415390015,1.77360606193542,1.10823512077332,649114.941968647,5911514.17115829
23,31001003265,3265,1693232498.68,2023-08-28T14:21:38.680Z,649167.050524935,5911387.86148353,9,3.30122470855713,2.37574768066406,1.44635570049286,649167.050524935,5911387.86148353
24,31001003265,3265,1693232506.679,2023-08-28T14:21:46.679Z,649191.036544088,5911243.46671002,9,4.42635583877564,4.33229112625122,1.93146252632141,649191.036544088,5911243.46671002
25,31001003265,3265,1693232514.679,2023-08-28T14:21:54.679Z,649248.536438073,5911094.13670186,9,2.79508543014526,3.17525815963745,1.48580288887024,649248.536438073,5911094.13670186
26,31001003265,3265,1693232522.678,2023-08-28T14:22:02.678Z,649338.994292175,5910970.46872927,9,3.53799080848694,7.43468284606934,2.02083468437195,649338.994292175,5910970.46872927
27,31001003265,3265,1693232530.678,2023-08-28T14:22:10.678Z,649377.970891446,5910814.92303258,9,4.79621839523315,14.6501417160034,3.50978446006775,649377.970891446,5910814.92303258
28,31001003265,3265,1693232538.677,2023-08-28T14:22:18.677Z,649446.204852887,5910664.92900211,9,3.00358200073242,11.1962652206421,2.75521779060364,649446.204852887,5910664.92900211
29,31001003265,3265,1693232546.677,2023-08-28T14:22:26.677Z,649527.448760208,5910497.35050224,7,9.68248176574707,157.907012939453,-14.4949960708618,649527.448760208,5910497.35050224
30,31001003265,3265,1693232554.677,2023-08-28T14:22:34.677Z,649613.935833013,5910394.46510808,7,5.11824560165405,64.9885025024414,1.41826975345612,649613.935833013,5910394.46510808
31,31001003265,3265,1693232570.676,2023-08-28T14:22:50.676Z,649775.978012877,5910095.56827104,8,3.63914346694946,3.68163347244263,1.22791612148285,649775.978012877,5910095.56827104
32,31001003265,3265,1693232578.676,2023-08-28T14:22:58.676Z,649855.903347477,5909953.8853151,8,6.67748069763184,10.6285972595215,1.92558443546295,649855.903347477,5909953.8853151
33,31001003265,3265,1693232586.675,2023-08-28T14:23:06.675Z,649939.093880808,5909803.42435996,8,12.5047483444214,19.6987991333008,8.38003253936768,649939.093880808,5909803.42435996
34,31001003265,3265,1693232594.675,2023-08-28T14:23:14.675Z,649997.677097925,5909650.65670965,9,2.63099002838135,3.63740086555481,1.34711694717407,649997.677097925,5909650.65670965
35,31001003265,3265,1693232602.674,2023-08-28T14:23:22.674Z,650079.031728972,5909499.5257637,9,3.12225890159607,14.1934261322022,3.75804305076599,650079.031728972,5909499.5257637
36,31001003265,3265,1693232610.673,2023-08-28T14:23:30.673Z,650149.45974349,5909342.82559073,8,19.6409034729004,59.9716758728027,15.8648166656494,650149.45974349,5909342.82559073
37,31001003265,3265,1693232618.673,2023-08-28T14:23:38.673Z,650248.078303224,5909199.73572096,10,7.46715450286865,20.0268821716309,6.65917587280273,650248.078303224,5909199.73572096
38,31001003265,3265,1693232626.671,2023-08-28T14:23:46.671Z,650344.943097461,5909050.72981216,14,2.80227470397949,12.6720323562622,2.33278799057007,650344.943097461,5909050.72981216
39,31001003265,3265,1693232634.671,2023-08-28T14:23:54.671Z,650416.491089705,5908898.7189248,15,2.08506631851196,5.64268064498901,0.400410979986191,650416.491089705,5908898.7189248
40,31001003265,3265,1693232642.671,2023-08-28T14:24:02.671Z,650511.81824411,5908743.01898369,16,1.46317541599274,6.13766717910767,1.27518320083618,650511.81824411,5908743.01898369
41,31001003265,3265,1693232650.671,2023-08-28T14:24:10.671Z,650592.087748454,5908588.19910219,15,1.90229988098145,10.6181049346924,1.90267062187195,650592.087748454,5908588.19910219
42,31001003265,3265,1693232658.67,2023-08-28T14:24:18.670Z,650650.54268542,5908402.87875077,6,20.5080280303955,704.688598632813,-16.4501628875732,650650.54268542,5908402.87875077
43,31001003265,3265,1693232666.67,2023-08-28T14:24:26.670Z,650735.774609219,5908243.5719747,14,1.78560519218445,8.65128135681152,0.825181424617767,650735.774609219,5908243.5719747
44,31001003265,3265,1693232674.67,2023-08-28T14:24:34.670Z,650809.149350102,5908058.11690868,8,7.12989234924316,138.527267456055,-2.99076080322266,650809.149350102,5908058.11690868
45,31001003265,3265,1693232682.67,2023-08-28T14:24:42.670Z,650912.538825889,5907890.57173166,10,4.28097724914551,61.7543563842774,-2.97213983535767,650912.538825889,5907890.57173166
46,31001003265,3265,1693232690.67,2023-08-28T14:24:50.670Z,651020.797037713,5907741.84939365,8,51.2421531677246,12.5668239593506,3.31259989738464,651020.797037713,5907741.84939365
47,31001003265,3265,1693232698.669,2023-08-28T14:24:58.669Z,651098.593540791,5907574.19835573,15,1.09053885936737,2.59739685058594,-0.033469770103693,651098.593540791,5907574.19835573
48,31001003265,3265,1693232706.668,2023-08-28T14:25:06.668Z,651167.317202268,5907357.82200006,8,6.61502456665039,99.5402908325195,-11.6826848983765,651167.317202268,5907357.82200006
49,31001003265,3265,1693232714.668,2023-08-28T14:25:14.668Z,651265.595903016,5907222.6093766,15,0.87357759475708,1.99686253070831,-0.026251869276166,651265.595903016,5907222.6093766
50,31001003265,3265,1693232722.668,2023-08-28T14:25:22.668Z,651374.118693413,5907050.76706264,13,1.53581464290619,5.75707197189331,0.608429133892059,651374.118693413,5907050.76706264
51,31001003265,3265,1693232730.668,2023-08-28T14:25:30.668Z,651478.724471268,5906887.00169867,13,3.96619653701782,6.87029886245728,0.673607409000397,651478.724471268,5906887.00169867
52,31001003265,3265,1693232738.668,2023-08-28T14:25:38.668Z,651579.611282122,5906713.05700212,14,2.23706150054932,7.64105081558228,-0.412799417972565,651579.611282122,5906713.05700212
53,31001003265,3265,1693232746.667,2023-08-28T14:25:46.667Z,651653.635338764,5906541.94086569,10,8.79566764831543,28.0495548248291,-7.66675186157227,651653.635338764,5906541.94086569
54,31001003265,3265,1693232754.667,2023-08-28T14:25:54.667Z,651765.060042669,5906288.079632,8,10.8121252059937,45.0989608764648,-16.380485534668,651765.060042669,5906288.079632
55,31001003265,3265,1693232762.667,2023-08-28T14:26:02.667Z,651826.599009207,5906146.38927386,6,43.9140968322754,48.0190277099609,-37.4444389343262,651826.599009207,5906146.38927386
56,31001003265,3265,1693232770.666,2023-08-28T14:26:10.666Z,651931.447195922,5905955.73587667,7,9.423828125,7.80092668533325,-6.45788908004761,651931.447195922,5905955.73587667
57,31001003265,3265,1693232778.666,2023-08-28T14:26:18.666Z,652032.038571286,5905824.930388,10,1.83012986183167,3.48181653022766,-0.469520628452301,652032.038571286,5905824.930388
58,31001003265,3265,1693232786.665,2023-08-28T14:26:26.665Z,652144.084331164,5905629.78822871,9,2.253178358078,1.50222849845886,-0.259629428386688,652144.084331164,5905629.78822871
59,31001003265,3265,1693232794.664,2023-08-28T14:26:34.664Z,652248.578723606,5905437.43003246,9,5.6627984046936,2.52957344055176,-2.47077059745789,652248.578723606,5905437.43003246
60,31001003265,3265,1693232802.663,2023-08-28T14:26:42.663Z,652343.245481649,5905246.52058761,8,16.7404804229736,5.1078200340271,-5.18511581420898,652343.245481649,5905246.52058761
61,31001003265,3265,1693232978.653,2023-08-28T14:29:38.653Z,652464.166259352,5905019.60062193,3,386.323760986328,78.8015060424805,153.325485229492,652516.845616441,5905019.60062193
62,31001003265,3265,1693233002.652,2023-08-28T14:30:02.652Z,652516.845616441,5904991.23504787,3,380.044158935547,74.142707824707,134.400039672852,652464.166259352,5904991.23504787
63,31001003265,3265,1693233026.653,2023-08-28T14:30:26.653Z,652536.416777204,5904814.7151061,3,122.790664672852,49.9757919311524,-2.18360328674316,652536.416777204,5904814.7151061
64,31001003265,3265,1693233098.651,2023-08-28T14:31:38.651Z,652566.355224664,5904689.69996902,3,147.131561279297,111.630310058594,54.5830841064453,652573.379630026,5904689.69996902
65,31001003265,3265,1693233138.651,2023-08-28T14:32:18.651Z,652566.355224664,5904685.95752552,3,164.055786132813,135.60026550293,59.8865242004395,652566.355224664,5904685.95752552
66,31001003265,3265,1693233506.629,2023-08-28T14:38:26.629Z,652566.355224664,5904679.5412388,3,100.120536804199,81.5482330322266,36.7849082946777,652578.742561091,5904679.5412388
67,31001003265,3265,1693233522.629,2023-08-28T14:38:42.629Z,652566.355224664,5904679.5412388,3,65.7048721313477,59.9725036621094,20.1212940216064,652560.471964894,5904677.62131007
68,31001003265,3265,1693233530.629,2023-08-28T14:38:50.629Z,652566.947458975,5904679.26910152,3,89.7465057373047,84.4244384765625,31.4592094421387,652545.047848085,5904669.4709497
69,31001003265,3265,1693233538.628,2023-08-28T14:38:58.628Z,652566.947458975,5904679.26910152,3,95.0208587646484,55.4883117675781,43.0664825439453,652566.947458975,5904683.55838383
70,31001003265,3265,1693233546.628,2023-08-28T14:39:06.628Z,652566.947458975,5904678.70898686,3,49.9056663513184,48.8194046020508,14.6205987930298,652569.953756932,5904669.14062964
71,31001003265,3265,1693233554.628,2023-08-28T14:39:14.628Z,652569.953756932,5904679.26910152,3,63.3197555541992,55.6833076477051,20.8347949981689,652570.622502424,5904684.09776764
72,31001003265,3265,1693233562.628,2023-08-28T14:39:22.628Z,652569.953756932,5904679.26910152,3,77.3218002319336,49.0216331481934,30.7038116455078,652553.559575833,5904679.26910152
73,31001003265,3265,1693233578.627,2023-08-28T14:39:38.627Z,652569.953756932,5904678.70898686,3,170.46955871582,153.281158447266,58.8666458129883,652584.949553762,5904678.70898686
74,31001003265,3265,1693233586.626,2023-08-28T14:39:46.626Z,652569.213191356,5904678.70898686,3,64.903694152832,45.2540054321289,26.734375,652568.662131948,5904677.41895308
75,31001003265,3265,1693233610.625,2023-08-28T14:40:10.625Z,652569.213191356,5904677.41895308,4,104.276390075684,69.1018295288086,33.5646209716797,652571.642442912,5904679.35313767
76,31001003265,3265,1693233618.625,2023-08-28T14:40:18.625Z,652568.662131948,5904672.81950757,3,98.5379409790039,80.4609451293945,31.811767578125,652569.213191356,5904672.28451204
77,31001003265,3265,1693233626.624,2023-08-28T14:40:26.624Z,652560.368953935,5904672.81950757,4,46.87890625,54.0903701782227,8.96644496917725,652560.368953935,5904671.07816508
78,31001003265,3265,1693233634.624,2023-08-28T14:40:34.624Z,652560.368953935,5904672.81950757,4,74.9142761230469,58.0131912231445,21.187952041626,652552.891300636,5904672.81950757
79,31001003265,3265,1693233642.623,2023-08-28T14:40:42.623Z,652560.368953935,5904675.45909602,4,68.2219848632813,65.6351165771484,13.7072238922119,652551.886393136,5904678.72943875
80,31001003265,3265,1693233650.622,2023-08-28T14:40:50.622Z,652566.452222472,5904675.45909602,3,131.924468994141,105.546371459961,49.0267639160156,652567.120249488,5904678.99009233
81,31001003265,3265,1693233658.622,2023-08-28T14:40:58.622Z,652566.452222472,5904675.45909602,4,87.2244338989258,91.2014846801758,12.7763414382935,652566.758749553,5904675.45909602
82,31001003265,3265,1693233666.62,2023-08-28T14:41:06.620Z,652566.452222472,5904675.45909602,4,85.5893402099609,78.3664855957031,17.8147640228272,652566.452222472,5904670.71926729
83,31001003265,3265,1693233674.619,2023-08-28T14:41:14.619Z,652561.442506556,5904675.45909602,4,75.3521499633789,66.78271484375,14.6349296569824,652561.442506556,5904665.54817206
84,31001003265,3265,1693233682.619,2023-08-28T14:41:22.619Z,652561.442506556,5904679.71287832,3,231.917007446289,102.224746704102,71.0448226928711,652546.077198014,5904679.71287832
85,31001003265,3265,1693233690.618,2023-08-28T14:41:30.618Z,652561.442506556,5904680.97898332,4,77.9324722290039,72.619743347168,14.0938396453857,652554.426084447,5904680.97898332
86,31001003265,3265,1693233714.617,2023-08-28T14:41:54.617Z,652634.921717293,5904801.30600392,3,94.2471313476562,105.263320922852,16.0425758361816,652634.921717293,5904801.30600392
87,31001003265,3265,1693233730.618,2023-08-28T14:42:10.618Z,652663.674161976,5904890.03701195,4,2.05582141876221,4.85276031494141,-0.237085431814194,652663.674161976,5904890.03701195
88,31001003265,3265,1693233738.618,2023-08-28T14:42:18.618Z,652685.245604391,5904912.29565077,4,2.67712736129761,1.18538880348206,-0.161359041929245,652685.245604391,5904912.29565077
89,31001003265,3265,1693233754.619,2023-08-28T14:42:34.619Z,652900.447029608,5904934.70265245,4,39.4575843811035,23.7369194030762,18.1037425994873,652900.447029608,5904934.70265245
90,31001003265,3265,1693234778.571,2023-08-28T14:59:38.571Z,652962.063978919,5905001.57186816,3,96.6922912597656,49.7516975402832,50.1843566894531,652962.063978919,5905010.22391981
91,31001003265,3265,1693234786.572,2023-08-28T14:59:46.572Z,653068.74924628,5905006.39789055,3,175.478576660156,96.7974243164063,103.544067382813,653068.74924628,5905001.57186816
92,31001003265,3265,1693235162.564,2023-08-28T15:06:02.564Z,653070.575898078,5905008.31581352,3,136.203536987305,68.4189224243164,80.592170715332,653070.575898078,5905006.39789055
93,31001003265,3265,1693235210.564,2023-08-28T15:06:50.564Z,653078.081690156,5905010.14495819,3,208.199295043945,98.818115234375,130.286209106445,653085.519576714,5905011.33082418
94,31001003265,3265,1693235226.565,2023-08-28T15:07:06.565Z,653079.905660131,5905010.14495819,3,207.259078979492,108.480377197266,126.135360717773,653078.081690156,5905015.3512924
95,31001003265,3265,1693235234.564,2023-08-28T15:07:14.564Z,653085.519576714,5905008.31581352,3,231.868957519531,123.341537475586,143.096801757813,653086.415325443,5905008.31581352
96,31001003265,3265,1693235290.561,2023-08-28T15:08:10.561Z,653086.415325443,5905008.31581352,3,300.141082763672,129.628646850586,191.679702758789,653079.905660131,5905010.14495819
97,31001003265,3265,1693235826.534,2023-08-28T15:17:06.534Z,653190.290793449,5904817.14596192,3,118.973937988281,85.5953521728516,81.102409362793,653190.290793449,5904817.14596192
98,31001003265,3265,1693236026.53,2023-08-28T15:20:26.530Z,653508.5478683,5904381.0524408,3,20.0027332305908,3483.32299804688,252.118865966797,653508.5478683,5904381.0524408
99,31001003265,3265,1693236034.532,2023-08-28T15:20:34.532Z,653553.355980984,5904265.7246545,5,3.50732779502869,49.8797645568848,-8.38792228698731,653553.355980984,5904265.7246545
100,31001003265,3265,1693236042.533,2023-08-28T15:20:42.533Z,653565.554031463,5904125.03683347,8,1.35571539402008,4.0852632522583,-0.173729330301285,653597.484839466,5904125.03683347
101,31001003265,3265,1693236050.534,2023-08-28T15:20:50.534Z,653565.554031463,5903984.26699827,3,38.7923469543457,363.683135986328,-108.744506835938,653614.564022682,5903984.26699827
102,31001003265,3265,1693236074.534,2023-08-28T15:21:14.534Z,653565.554031463,5903735.32711833,3,244.557434082031,1240.18835449219,-518.188781738281,653565.554031463,5903735.32711833
103,31001003265,3265,1693236458.51,2023-08-28T15:27:38.510Z,653565.554031463,5903702.88746426,3,230.72819519043,1147.39086914063,-477.585205078125,653576.969153301,5903683.01456065
104,31001003265,3265,1693236674.497,2023-08-28T15:31:14.497Z,653565.554031463,5903683.01456065,3,252.915878295898,1125.99951171875,-510.007476806641,653557.301554677,5903702.88746426
105,31001003265,3265,1693236762.495,2023-08-28T15:32:42.495Z,653565.084343342,5903679.55539964,3,225.518371582031,967.232666015625,-446.271453857422,653565.084343342,5903679.55539964
106,31001003265,3265,1693236770.495,2023-08-28T15:32:50.495Z,653557.301554677,5903670.10762235,3,280.815155029297,1123.41564941406,-539.999267578125,653582.576407056,5903647.73778971
107,31001003265,3265,1693237010.479,2023-08-28T15:36:50.479Z,653549.384792976,5903647.73778971,3,232.549377441406,1030.51538085938,-461.405120849609,653549.384792976,5903670.10762235
108,31001003265,3265,1693237818.441,2023-08-28T15:50:18.441Z,653431.424715615,5903514.28929133,3,299.005279541016,944.463012695313,-502.944946289063,653415.667731315,5903514.28929133
109,31001003265,3265,1693238034.426,2023-08-28T15:53:54.426Z,653427.945154481,5903481.88721614,3,201.5810546875,610.954223632813,-330.316497802734,653427.945154481,5903444.92049302
110,31001003265,3265,1693238050.426,2023-08-28T15:54:10.426Z,653420.257416405,5903481.88721614,3,307.565887451172,827.010375976563,-486.092468261719,653431.424715615,5903446.99028248
111,31001003265,3265,1693238074.424,2023-08-28T15:54:34.424Z,653420.257416405,5903481.88721614,3,171.170211791992,485.578796386719,-276.608093261719,653420.257416405,5903481.88721614
112,31001003265,3265,1693238082.424,2023-08-28T15:54:42.424Z,653409.261311124,5903481.88721614,3,225.7587890625,709.6201171875,-376.434631347656,653409.261311124,5903481.7453341
113,31001003265,3265,1693238090.424,2023-08-28T15:54:50.424Z,653404.22769506,5903500.16067068,3,306.163543701172,920.39453125,-507.547790527344,653392.416032694,5903522.81558572
114,31001003265,3265,1693238106.424,2023-08-28T15:55:06.424Z,653404.22769506,5903500.16067068,3,296.173461914063,1103.28063964844,-523.814819335938,653399.910864921,5903500.16067068
115,31001003265,3265,1693238114.425,2023-08-28T15:55:14.425Z,653404.22769506,5903500.16067068,3,319.916381835938,978.736755371094,-530.470397949219,653404.22769506,5903500.67239528
116,31001003265,3265,1693238874.391,2023-08-28T16:07:54.391Z,653409.36283661,5903491.93301553,3,155.719543457031,439.137969970703,-250.498397827148,653418.065689187,5903473.43648003
117,31001003265,3265,1693238970.393,2023-08-28T16:09:30.393Z,653409.36283661,5903491.93301553,3,158.624114990234,465.868408203125,-259.236572265625,653409.36283661,5903491.93301553
118,31001003265,3265,1693238978.392,2023-08-28T16:09:38.392Z,653409.36283661,5903491.93301553,3,184.034774780273,524.371215820313,-296.532745361328,653423.406661995,5903462.49913991
119,31001003265,3265,1693238994.391,2023-08-28T16:09:54.391Z,653418.065689187,5903473.43648003,3,135.066909790039,415.022155761719,-223.823883056641,653403.838728983,5903497.51078156
120,31001003265,3265,1693239002.391,2023-08-28T16:10:02.391Z,653423.406661995,5903462.49913991,3,221.407669067383,573.390441894531,-344.465667724609,653451.074083532,5903425.49628278
121,31001003265,3265,1693239018.389,2023-08-28T16:10:18.389Z,653423.406661995,5903462.49913991,3,218.667282104492,624.37109375,-354.805358886719,653407.469482269,5903493.33694238
122,31001003265,3265,1693239026.389,2023-08-28T16:10:26.389Z,653423.406661995,5903462.49913991,3,186.284301757813,534.370666503906,-300.307586669922,653433.854453017,5903450.29206452
123,31001003265,3265,1693239042.387,2023-08-28T16:10:42.387Z,653415.474887384,5903473.30216723,3,114.06681060791,353.115051269531,-188.016571044922,653429.596280245,5903449.55416178
124,31001003265,3265,1693239050.386,2023-08-28T16:10:50.386Z,653414.981433828,5903473.30216723,3,176.104797363281,519.370483398438,-287.497375488281,653414.981433828,5903477.34556427
125,31001003265,3265,1693239066.385,2023-08-28T16:11:06.385Z,653414.981433828,5903473.30216723,3,137.042205810547,402.641967773438,-223.010406494141,653413.907543651,5903473.30216723
126,31001003265,3265,1693239074.384,2023-08-28T16:11:14.384Z,653415.474887384,5903473.66134146,3,221.810150146484,642.481994628906,-360.851959228516,653415.474887384,5903483.17397573
127,31001003265,3265,1693239090.383,2023-08-28T16:11:30.383Z,653414.981433828,5903473.66134146,3,206.450485229492,585.776672363281,-332.897247314453,653414.129092826,5903473.66134146
128,31001003265,3265,1693239282.374,2023-08-28T16:14:42.374Z,653415.474887384,5903473.66134146,3,215.978164672852,591.712524414063,-342.447021484375,653433.849284366,5903438.71247812
129,31001003265,3265,1693239290.374,2023-08-28T16:14:50.374Z,653415.474887384,5903473.66134146,3,177.329574584961,492.186706542969,-282.976165771484,653440.563318887,5903448.66780878
130,31001003265,3265,1693239306.374,2023-08-28T16:15:06.374Z,653414.955198872,5903473.66134146,3,187.803237915039,554.414245605469,-307.026641845703,653412.401383992,5903482.71334132
131,31001003265,3265,1693239314.374,2023-08-28T16:15:14.374Z,653414.955198872,5903473.66134146,3,215.782989501953,621.28564453125,-351.685821533203,653402.000554588,5903503.82555921
132,31001003265,3265,1693239330.374,2023-08-28T16:15:30.374Z,653414.955198872,5903470.33514812,3,181.042846679688,523.56689453125,-293.386291503906,653418.167337838,5903470.33514812
133,31001003265,3265,1693239354.373,2023-08-28T16:15:54.373Z,653414.955198872,5903479.87909378,3,261.939117431641,735.517883300781,-422.358856201172,653414.955198872,5903483.52211336
134,31001003265,3265,1693239362.373,2023-08-28T16:16:02.373Z,653414.955198872,5903470.33514812,3,178.70930480957,500.276153564453,-286.64990234375,653428.776593922,5903464.02017309
135,31001003265,3265,1693239378.375,2023-08-28T16:16:18.375Z,653414.265898206,5903470.33514812,3,193.228164672852,545.99462890625,-310.726684570313,653414.265898206,5903468.46035803
136,31001003265,3265,1693239386.376,2023-08-28T16:16:26.376Z,653414.265898206,5903472.66831514,3,311.736511230469,858.42529296875,-499.42529296875,653413.480574501,5903479.87909378
137,31001003265,3265,1693239402.375,2023-08-28T16:16:42.375Z,653414.265898206,5903472.66831514,3,175.845306396484,537.796752929688,-290.771240234375,653410.651194646,5903486.71447415
138,31001003265,3265,1693239410.375,2023-08-28T16:16:50.375Z,653414.780141974,5903472.66831514,3,281.758544921875,765.985595703125,-447.854705810547,653434.45911759,5903456.10023442
139,31001003265,3265,1693239426.375,2023-08-28T16:17:06.375Z,653421.431655155,5903472.66831514,3,165.543304443359,474.851806640625,-267.771789550781,653421.431655155,5903472.66831514
140,31001003265,3265,1693239474.373,2023-08-28T16:17:54.373Z,653422.625612199,5903467.04038161,3,251.835754394531,911.776977539063,-441.106170654297,653414.780141974,5903486.14040391
141,31001003265,3265,1693239498.374,2023-08-28T16:18:18.374Z,653422.625612199,5903467.04038161,3,321.91064453125,853.026916503906,-505.209411621094,653434.462515715,5903434.57172423
142,31001003265,3265,1693240242.334,2023-08-28T16:30:42.334Z,653422.625612199,5903467.04038161,3,192.778579711914,560.396179199219,-313.040222167969,653428.508802625,5903467.04038161
143,31001003265,3265,1693240250.333,2023-08-28T16:30:50.333Z,653422.625612199,5903467.04038161,3,259.308044433594,723.380554199219,-413.872833251953,653422.625612199,5903446.15672863
144,31001003265,3265,1693240266.331,2023-08-28T16:31:06.331Z,653410.916503955,5903489.14582862,3,164.152755737305,508.216674804688,-272.895324707031,653402.835130101,5903499.25364353
145,31001003265,3265,1693240274.331,2023-08-28T16:31:14.331Z,653410.916503955,5903489.14582862,3,193.161682128906,562.003601074219,-314.827026367188,653410.916503955,5903489.14582862
146,31001003265,3265,1693240290.331,2023-08-28T16:31:30.331Z,653410.916503955,5903489.14582862,3,230.871917724609,679.301513671875,-378.534881591797,653401.073113345,5903502.35262068
147,31001003265,3265,1693240314.33,2023-08-28T16:31:54.330Z,653422.070956446,5903475.67124311,3,171.092391967773,487.1806640625,-274.839324951172,653429.253236127,5903448.4943653
148,31001003265,3265,1693240322.33,2023-08-28T16:32:02.330Z,653422.070956446,5903471.86827091,3,207.531784057617,608.124572753906,-337.67626953125,653426.063008793,5903464.89170248
149,31001003265,3265,1693240338.33,2023-08-28T16:32:18.330Z,653422.070956446,5903471.86827091,3,195.521987915039,562.70556640625,-316.982940673828,653422.070956446,5903475.67124311
150,31001003265,3265,1693240346.329,2023-08-28T16:32:26.329Z,653422.070956446,5903471.86827091,3,198.001007080078,570.251586914063,-319.671722412109,653423.619694161,5903455.40921265
151,31001003265,3265,1693240362.328,2023-08-28T16:32:42.328Z,653422.070956446,5903471.86827091,3,176.434936523438,580.859558105469,-298.807159423828,653409.171296173,5903489.20019371
152,31001003265,3265,1693240370.327,2023-08-28T16:32:50.327Z,653415.909852718,5903471.86827091,3,275.327514648438,740.759521484375,-437.155639648438,653415.909852718,5903471.86827091
153,31001003265,3265,1693240570.31,2023-08-28T16:36:10.310Z,653415.909852718,5903471.86827091,3,118.554901123047,360.699462890625,-195.021667480469,653428.87477384,5903468.19835939
154,31001003265,3265,1693240578.308,2023-08-28T16:36:18.308Z,653415.909852718,5903471.86827091,3,125.017776489258,382.149597167969,-206.054214477539,653413.114746329,5903477.83856714
155,31001003265,3265,1693240586.307,2023-08-28T16:36:26.307Z,653415.355187192,5903476.05500505,3,154.186935424805,449.998168945313,-249.728363037109,653421.724203987,5903455.71738626
156,31001003265,3265,1693240594.306,2023-08-28T16:36:34.306Z,653414.680211922,5903477.83856714,3,142.501495361328,437.675811767578,-235.755294799805,653415.355187192,5903484.19117034
157,31001003265,3265,1693240602.306,2023-08-28T16:36:42.306Z,653413.114746329,5903477.83856714,3,164.415710449219,485.750244140625,-269.211456298828,653407.79508732,5903492.92832186
158,31001003265,3265,1693240610.306,2023-08-28T16:36:50.306Z,653411.361046221,5903477.83856714,3,126.286582946777,394.660430908203,-209.460433959961,653411.361046221,5903476.05500505
159,31001003265,3265,1693240618.306,2023-08-28T16:36:58.306Z,653407.79508732,5903476.05500505,3,169.009262084961,484.580078125,-273.199859619141,653414.680211922,5903474.10461916
160,31001003265,3265,1693240626.306,2023-08-28T16:37:06.306Z,653404.713383403,5903476.05500505,3,171.427597045898,490.40966796875,-278.688385009766,653399.435998592,5903505.37584516
161,31001003265,3265,1693240634.305,2023-08-28T16:37:14.305Z,653399.435998592,5903474.10461916,3,181.199661254883,524.518981933594,-295.018646240234,653404.713383403,5903494.72531406
162,31001003265,3265,1693240746.305,2023-08-28T16:39:06.305Z,652732.513974678,5903364.25875412,3,71.2352828979492,109.484100341797,-78.7245864868164,652732.513974678,5903346.44107506
163,31001003265,3265,1693240754.305,2023-08-28T16:39:14.305Z,652724.425943837,5903356.61042251,3,40.5631713867188,64.9441604614258,-43.7555198669434,652724.425943837,5903356.61042251
164,31001003265,3265,1693240762.305,2023-08-28T16:39:22.305Z,652722.061053075,5903356.61042251,3,93.6237030029297,140.109146118164,-103.457061767578,652717.65423749,5903364.25875412
165,31001003265,3265,1693240770.304,2023-08-28T16:39:30.304Z,652722.061053075,5903356.61042251,3,46.7649536132813,76.3730316162109,-51.0226173400879,652721.638642328,5903354.09895479
166,31001003265,3265,1693240778.303,2023-08-28T16:39:38.303Z,652721.638642328,5903354.09895479,3,55.9909362792969,93.9417877197266,-61.6039619445801,652722.061053075,5903353.47555027
167,31001003265,3265,1693240786.302,2023-08-28T16:39:46.302Z,652721.638642328,5903354.09895479,3,59.4777755737305,99.5975875854492,-66.1433868408203,652723.362031247,5903358.59532692
168,31001003265,3265,1693240794.301,2023-08-28T16:39:54.301Z,652691.685053451,5903353.47555027,3,163.86457824707,434.090881347656,-214.970275878906,652691.685053451,5903393.09334905
169,31001003265,3265,1693240882.302,2023-08-28T16:41:22.302Z,651630.376767885,5903174.5394623,3,26.5478343963623,89.2140502929688,25.6553249359131,651619.488026024,5903164.52424331
170,31001003265,3265,1693241234.294,2023-08-28T16:47:14.294Z,651629.139913512,5903164.52424331,3,18.154426574707,90.6274261474609,32.9476852416992,651629.08821913,5903174.5394623
171,31001003265,3265,1693241626.283,2023-08-28T16:53:46.283Z,651629.139913512,5903159.05757092,3,50.9678688049316,242.908386230469,103.249488830566,651630.376767885,5903155.99948405
172,31001003265,3265,1693241634.283,2023-08-28T16:53:54.283Z,651629.139913512,5903159.05757092,3,43.8147506713867,209.607772827148,87.449104309082,651629.139913512,5903159.05757092
173,31001003265,3265,1693241642.283,2023-08-28T16:54:02.283Z,651629.205326171,5903159.05757092,3,53.2081069946289,258.176574707031,108.303321838379,651614.167039501,5903133.55103315
174,31001003265,3265,1693241658.282,2023-08-28T16:54:18.282Z,651629.205326171,5903159.05757092,3,42.7002258300781,202.951644897461,84.2143478393555,651629.205326171,5903155.8577806
175,31001003265,3265,1693241682.281,2023-08-28T16:54:42.281Z,651631.045594954,5903172.0132017,3,43.8200035095215,208.682739257813,86.2520904541016,651640.838225656,5903184.76970478
176,31001003265,3265,1693241690.28,2023-08-28T16:54:50.280Z,651638.239954005,5903174.60815385,3,35.6039428710938,170.051651000977,68.7188034057617,651631.045594954,5903172.0132017
177,31001003265,3265,1693241698.28,2023-08-28T16:54:58.280Z,651638.239954005,5903174.60815385,3,38.1610260009766,179.636199951172,73.3427124023438,651638.239954005,5903174.60815385
178,31001003265,3265,1693241722.279,2023-08-28T16:55:22.279Z,651638.239954005,5903174.60815385,3,51.8913421630859,245.993179321289,103.299072265625,651642.110088337,5903185.60263236
179,31001003265,3265,1693241746.277,2023-08-28T16:55:46.277Z,651638.516895717,5903181.92989963,3,52.7813377380371,249.70849609375,106.152565002441,651634.373982531,5903172.46178933
180,31001003265,3265,1693241762.276,2023-08-28T16:56:02.276Z,651638.516895717,5903181.92989963,3,52.5238609313965,251.743469238281,105.30850982666,651651.076534733,5903221.16281449
181,31001003265,3265,1693241770.276,2023-08-28T16:56:10.276Z,651638.516895717,5903181.92989963,3,47.9217872619629,228.225708007813,97.9115600585938,651640.897168352,5903181.92989963
182,31001003265,3265,1693241778.276,2023-08-28T16:56:18.276Z,651638.516895717,5903181.92989963,3,35.5150756835938,169.938613891602,70.9314575195313,651632.820922333,5903174.42265692
183,31001003265,3265,1693241794.276,2023-08-28T16:56:34.276Z,651632.820922333,5903174.42265692,3,27.293046951294,128.548248291016,53.3109512329102,651638.516895717,5903182.3296982
184,31001003265,3265,1693241802.276,2023-08-28T16:56:42.276Z,651632.820922333,5903172.14078711,3,25.099250793457,115.153327941895,46.6366844177246,651625.511723745,5903153.46082802
185,31001003265,3265,1693241810.276,2023-08-28T16:56:50.276Z,651629.999384952,5903168.99376261,3,34.5305442810059,164.485412597656,68.805793762207,651624.624780808,5903153.92761074
186,31001003265,3265,1693241818.275,2023-08-28T16:56:58.275Z,651629.999384952,5903168.99376261,3,36.2289695739746,171.48664855957,72.8816375732422,651634.037293402,5903172.14078711
187,31001003265,3265,1693241826.275,2023-08-28T16:57:06.275Z,651629.999384952,5903168.99376261,3,26.3369388580322,114.355056762695,44.719165802002,651628.142540844,5903168.99376261
188,31001003265,3265,1693241834.275,2023-08-28T16:57:14.275Z,651631.231050803,5903172.14078711,3,22.7274532318115,106.82780456543,43.8332595825195,651637.479301188,5903181.32347325
189,31001003265,3265,1693241842.275,2023-08-28T16:57:22.275Z,651631.231050803,5903172.14078711,3,20.4934844970703,95.8636322021484,38.611011505127,651629.999384952,5903167.96030942
190,31001003265,3265,1693241850.275,2023-08-28T16:57:30.275Z,651631.231050803,5903172.14078711,3,41.0325736999512,148.041198730469,54.3924102783203,651631.231050803,5903173.76995313
191,31001003265,3265,1693241858.275,2023-08-28T16:57:38.275Z,651631.231050803,5903169.25633256,3,34.9706687927246,165.647750854492,70.5447463989258,651637.047806335,5903178.42492211
192,31001003265,3265,1693241866.274,2023-08-28T16:57:46.274Z,651631.791733934,5903169.25633256,3,34.1982269287109,162.609985351563,68.5854187011719,651631.791733934,5903168.95402378
193,31001003265,3265,1693241874.274,2023-08-28T16:57:54.274Z,651631.791733934,5903169.25633256,3,60.103214263916,223.451675415039,86.456916809082,651623.105859347,5903153.83534907
194,31001003265,3265,1693241882.273,2023-08-28T16:58:02.273Z,651631.791733934,5903169.25633256,3,22.9542636871338,108.585182189941,44.3852844238281,651630.785194301,5903169.25633256
195,31001003265,3265,1693241890.272,2023-08-28T16:58:10.272Z,651632.407967219,5903170.77660582,3,45.431827545166,215.070510864258,93.5589218139648,651637.725000525,5903175.46662367
196,31001003265,3265,1693241898.27,2023-08-28T16:58:18.270Z,651632.407967219,5903170.77660582,3,44.2396774291992,179.50715637207,71.8516082763672,651644.685416074,5903194.93967795
197,31001003265,3265,1693241906.269,2023-08-28T16:58:26.269Z,651632.407967219,5903170.77660582,3,40.1501312255859,191.198699951172,81.8628540039063,651632.407967219,5903170.77660582
198,31001003265,3265,1693241914.268,2023-08-28T16:58:34.268Z,651632.407967219,5903166.6824696,3,43.4967308044434,207.518661499023,89.3385925292969,651625.164376468,5903153.44559478
199,31001003265,3265,1693241922.268,2023-08-28T16:58:42.268Z,651625.164376468,5903153.44559478,3,34.3169555664063,139.606231689453,55.0104370117188,651633.465262779,5903166.6824696
200,31001003265,3265,1693241938.267,2023-08-28T16:58:58.267Z,651606.941100164,5903138.36856798,3,55.2869186401367,262.257263183594,99.6282348632813,651606.941100164,5903138.36856798
201,31001003265,3265,1693242026.266,2023-08-28T17:00:26.266Z,651601.967064116,5903130.50995287,3,43.5820846557617,210.079559326172,85.1770401000977,651601.967064116,5903130.50995287
202,31001003265,3265,1693242034.265,2023-08-28T17:00:34.265Z,651601.365354943,5903117.48118682,3,46.4127578735352,225.467178344727,92.0707321166992,651601.365354943,5903117.48118682
203,31001003265,3265,1693242050.264,2023-08-28T17:00:50.264Z,651594.859568562,5903117.48118682,3,39.0428695678711,185.061767578125,73.4839019775391,651593.439712319,5903115.37012296
204,31001003265,3265,1693242058.263,2023-08-28T17:00:58.263Z,651594.859568562,5903117.48118682,3,45.3503189086914,222.855819702148,90.4666213989258,651594.859568562,5903117.09564155
205,31001003265,3265,1693242066.262,2023-08-28T17:01:06.262Z,651594.859568562,5903128.06521065,3,186.823059082031,258.900268554688,14.8007202148438,651592.461709916,5903128.06521065
206,31001003265,3265,1693242074.262,2023-08-28T17:01:14.262Z,651594.859568562,5903128.06521065,3,43.7748222351074,207.631729125977,80.8831939697266,651600.337590789,5903129.99793898
207,31001003265,3265,1693242082.261,2023-08-28T17:01:22.261Z,651599.745023316,5903128.25441958,3,22.9090938568115,111.971488952637,44.7604713439941,651601.03301097,5903128.25441958
208,31001003265,3265,1693242090.26,2023-08-28T17:01:30.260Z,651599.745023316,5903128.25441958,3,95.5447616577148,155.359710693359,21.0903186798096,651592.632025472,5903118.40538745
209,31001003265,3265,1693242098.259,2023-08-28T17:01:38.259Z,651599.745023316,5903128.25441958,3,14.2297306060791,65.1764297485352,24.0622634887695,651606.154489187,5903134.36654103
210,31001003265,3265,1693242106.259,2023-08-28T17:01:46.259Z,651599.03800989,5903123.35485115,3,14.6934900283813,68.1631927490234,25.8474788665772,651599.745023316,5903122.4045906
211,31001003265,3265,1693242114.259,2023-08-28T17:01:54.259Z,651599.03800989,5903123.35485115,3,52.0142250061035,84.0964202880859,8.84057235717773,651590.259393796,5903137.61328051
212,31001003265,3265,1693242122.259,2023-08-28T17:02:02.259Z,651599.03800989,5903123.35485115,3,15.6173067092896,69.9028167724609,26.7649021148682,651599.03800989,5903123.35485115
213,31001003265,3265,1693242130.258,2023-08-28T17:02:10.258Z,651599.03800989,5903123.35485115,3,16.8388996124268,81.7617263793945,32.3706703186035,651597.455205567,5903119.40565027
214,31001003265,3265,1693242138.258,2023-08-28T17:02:18.258Z,651601.696058645,5903123.35485115,3,33.2093276977539,84.0849380493164,22.7678565979004,651601.696058645,5903118.73683372
215,31001003265,3265,1693242146.256,2023-08-28T17:02:26.256Z,651601.696058645,5903124.87635747,3,14.3997364044189,64.3052444458008,23.8183727264404,651603.129807097,5903136.88651793
216,31001003265,3265,1693242154.255,2023-08-28T17:02:34.255Z,651601.714287011,5903124.87635747,3,16.3667774200439,70.9773406982422,26.6238288879395,651601.714287011,5903129.24864809
217,31001003265,3265,1693242354.244,2023-08-28T17:05:54.244Z,651601.714287011,5903124.87635747,3,62.1766166687012,148.336639404297,40.3685150146484,651601.631475663,5903124.87635747
218,31001003265,3265,1693242362.244,2023-08-28T17:06:02.244Z,651601.714287011,5903124.87635747,3,61.3139343261719,189.062896728516,65.1614074707031,651602.305840286,5903115.382429
219,31001003265,3265,1693242370.243,2023-08-28T17:06:10.243Z,651601.631475663,5903129.24864809,3,37.5812797546387,145.326293945313,56.9162902832031,651615.17449659,5903132.66909539
220,31001003265,3265,1693242386.244,2023-08-28T17:06:26.244Z,651583.213776813,5903124.87635747,4,8.34049129486084,36.5341033935547,10.9977960586548,651559.158299621,5903149.86877918
221,31001003265,3265,1693242426.243,2023-08-28T17:07:06.243Z,651583.213776813,5903115.382429,3,53.3390617370606,276.234588623047,94.7362899780273,651513.608449602,5903102.29987466
222,31001003265,3265,1693242450.243,2023-08-28T17:07:30.243Z,651583.213776813,5903115.382429,3,51.5435562133789,249.432495117188,102.672904968262,651583.213776813,5903108.13152063
223,31001003265,3265,1693242466.242,2023-08-28T17:07:46.242Z,651583.213776813,5903132.66909539,3,36.6800308227539,182.814117431641,72.4325332641602,651586.44018544,5903132.93430947
224,31001003265,3265,1693242474.242,2023-08-28T17:07:54.242Z,651584.11785861,5903132.93430947,3,53.0565032958984,273.880432128906,111.608512878418,651569.202167958,5903090.92342804
225,31001003265,3265,1693242482.243,2023-08-28T17:08:02.243Z,651584.11785861,5903135.8272029,4,103.501014709473,178.809692382813,9.34266662597656,651584.11785861,5903135.8272029
226,31001003265,3265,1693242490.243,2023-08-28T17:08:10.243Z,651584.11785861,5903182.17541895,4,19.7028427124023,104.65599822998,40.9022941589356,651586.643732885,5903182.17541895
227,31001003265,3265,1693242498.243,2023-08-28T17:08:18.243Z,651584.11785861,5903233.23954557,4,11.7560729980469,58.3486175537109,21.4456481933594,651626.786194617,5903233.23954557
228,31001003265,3265,1693242506.243,2023-08-28T17:08:26.243Z,651571.580528317,5903233.23954557,3,32.8277473449707,29.2530841827393,-16.7511539459229,651571.580528317,5903286.7614896
229,31001003265,3265,1693242514.243,2023-08-28T17:08:34.243Z,651520.21139108,5903233.23954557,7,1.37472629547119,5.57013750076294,-0.0753252357244492,651520.21139108,5903241.07233633
230,31001003265,3265,1693242522.242,2023-08-28T17:08:42.242Z,651479.57780274,5903207.4241406,13,0.780955731868744,1.6793977022171,-0.170863106846809,651479.57780274,5903191.55211397
231,31001003265,3265,1693242530.242,2023-08-28T17:08:50.242Z,651415.373509411,5903201.1366433,7,5.2365198135376,13.749942779541,0.8321653008461,651415.373509411,5903199.13322419
232,31001003265,3265,1693242538.243,2023-08-28T17:08:58.243Z,651321.676845667,5903199.13322419,10,1.13479673862457,2.87952446937561,-0.140352994203568,651321.676845667,5903207.4241406
233,31001003265,3265,1693242546.243,2023-08-28T17:09:06.243Z,651221.775558874,5903199.13322419,6,1.66290187835693,9.30456352233887,0.720298647880554,651221.775558874,5903201.1366433
234,31001003265,3265,1693242554.241,2023-08-28T17:09:14.241Z,651117.478520142,5903166.93546317,8,1.22852766513824,3.92221784591675,-0.228224247694016,651117.478520142,5903166.93546317
235,31001003265,3265,1693242562.24,2023-08-28T17:09:22.240Z,651011.801448784,5903157.2139403,8,1.12252140045166,3.15888404846191,-0.139786094427109,651011.801448784,5903157.2139403
236,31001003265,3265,1693242570.241,2023-08-28T17:09:30.241Z,650914.199572165,5903157.2139403,6,2.06341075897217,21.6765823364258,1.30813550949097,650914.199572165,5903146.53925654
237,31001003265,3265,1693242586.239,2023-08-28T17:09:46.239Z,650741.515819031,5903157.2139403,6,1.86596930027008,11.1978788375854,-0.264728844165802,650741.515819031,5903148.31544317
238,31001003265,3265,1693242594.238,2023-08-28T17:09:54.238Z,650741.515819031,5903194.28234236,7,1.64117681980133,4.5446252822876,-0.288719207048416,650717.756415458,5903194.28234236
239,31001003265,3265,1693242602.238,2023-08-28T17:10:02.238Z,650741.515819031,5903194.28234236,7,1.1138219833374,3.2000424861908,-0.511977732181549,650716.76511035,5903238.52566503
240,31001003265,3265,1693242610.238,2023-08-28T17:10:10.238Z,650806.87194871,5903194.28234236,6,0.756974816322327,1.02350449562073,-0.180712059140205,650806.87194871,5903226.63588497
241,31001003265,3265,1693242618.237,2023-08-28T17:10:18.237Z,650891.499032966,5903146.53090249,7,0.837978482246399,2.76596617698669,-0.38579049706459,650891.499032966,5903146.53090249
242,31001003265,3265,1693242626.237,2023-08-28T17:10:26.237Z,650902.585364496,5903130.74224923,7,0.746113717556,1.0618953704834,-0.0885121449828148,650962.748542508,5903130.74224923
243,31001003265,3265,1693242634.236,2023-08-28T17:10:34.236Z,650962.482721698,5903110.60989149,7,0.740052878856659,1.74522292613983,-0.215496227145195,650902.585364496,5903110.60989149
244,31001003265,3265,1693242642.237,2023-08-28T17:10:42.237Z,650962.748542508,5903103.65293844,7,0.760564744472504,2.00175523757935,-0.227710172533989,650962.482721698,5903103.65293844
245,31001003265,3265,1693242650.237,2023-08-28T17:10:50.237Z,651067.551759045,5903103.65293844,7,1.0067400932312,2.77380561828613,-0.335430055856705,651067.551759045,5903094.36789845
246,31001003265,3265,1693242658.236,2023-08-28T17:10:58.236Z,651079.010110468,5903103.65293844,7,0.694812715053558,1.70882451534271,-0.1152333766222,651110.392287615,5903074.58504167
247,31001003265,3265,1693242666.236,2023-08-28T17:11:06.236Z,651079.010110468,5903104.79789192,7,0.775183022022247,1.91715264320374,-0.178731754422188,651079.010110468,5903104.79789192
248,31001003265,3265,1693242674.236,2023-08-28T17:11:14.236Z,651079.010110468,5903139.09676135,5,4.5671648979187,17.8272743225098,-5.28991651535034,651127.700876624,5903139.09676135
249,31001003265,3265,1693242682.235,2023-08-28T17:11:22.235Z,651079.010110468,5903166.65418279,7,0.80947732925415,2.51948881149292,-0.296581923961639,651079.813150729,5903166.65418279
250,31001003265,3265,1693242690.235,2023-08-28T17:11:30.235Z,651049.325590697,5903180.35809731,7,0.83744490146637,2.23852801322937,-0.270376980304718,651015.806990023,5903180.35809731
251,31001003265,3265,1693242698.235,2023-08-28T17:11:38.235Z,651023.004081333,5903227.17192204,6,3.69427680969238,5.66348648071289,0.458599001169205,650999.332892418,5903227.17192204
252,31001003265,3265,1693242706.234,2023-08-28T17:11:46.234Z,651015.806990023,5903245.0030151,7,0.923807382583618,2.24105095863342,-0.255392849445343,651049.325590697,5903250.5806426
253,31001003265,3265,1693242714.234,2023-08-28T17:11:54.234Z,650999.332892418,5903245.0030151,7,0.724770367145538,1.68443894386292,-0.151379704475403,651023.004081333,5903272.84774189
254,31001003265,3265,1693242722.233,2023-08-28T17:12:02.233Z,650937.226991105,5903245.0030151,11,0.944578230381012,1.90242683887482,-0.0962989032268524,650937.226991105,5903245.0030151
255,31001003265,3265,1693242730.232,2023-08-28T17:12:10.232Z,650879.231149552,5903245.0030151,12,0.680925607681274,1.88158357143402,-0.27473509311676,650879.231149552,5903249.79269651
256,31001003265,3265,1693242738.232,2023-08-28T17:12:18.232Z,650795.298388983,5903217.43106494,11,1.15092599391937,4.48276901245117,-0.780062973499298,650795.298388983,5903217.43106494
257,31001003265,3265,1693242746.231,2023-08-28T17:12:26.231Z,650737.350992837,5903217.27177099,12,0.567892014980316,1.20481491088867,-0.132064417004585,650737.350992837,5903217.27177099
258,31001003265,3265,1693242754.231,2023-08-28T17:12:34.231Z,650701.435531126,5903217.27177099,12,0.714238345623016,1.51311957836151,-0.220951452851295,650683.165986499,5903180.51467504
259,31001003265,3265,1693242762.23,2023-08-28T17:12:42.230Z,650683.165986499,5903217.27177099,9,1.13191819190979,3.8062162399292,-1.03075993061066,650701.435531126,5903211.66828592
260,31001003265,3265,1693242770.23,2023-08-28T17:12:50.230Z,650640.694524216,5903227.66345737,12,1.12236988544464,1.64957070350647,0.0145676294341683,650640.694524216,5903227.66345737
261,31001003265,3265,1693242778.229,2023-08-28T17:12:58.229Z,650570.598344036,5903255.50330998,9,2.76539063453674,8.23271369934082,0.277186065912247,650570.598344036,5903255.50330998
262,31001003265,3265,1693242786.229,2023-08-28T17:13:06.229Z,650570.598344036,5903268.00818844,12,4.35855531692505,2.93194127082825,-0.282511472702026,650504.248237909,5903268.00818844
263,31001003265,3265,1693242794.228,2023-08-28T17:13:14.228Z,650519.788001236,5903304.14423473,13,1.177281498909,1.51461613178253,-0.222883075475693,650519.788001236,5903304.14423473
264,31001003265,3265,1693242802.228,2023-08-28T17:13:22.228Z,650506.810836123,5903310.29753884,12,0.666015565395355,1.50195956230164,-0.0833500251173973,650582.12663561,5903310.29753884
265,31001003265,3265,1693242810.228,2023-08-28T17:13:30.228Z,650506.810836123,5903310.29753884,13,0.948001563549042,1.83509528636932,-0.0431677475571632,650506.810836123,5903329.41512542
266,31001003265,3265,1693242818.227,2023-08-28T17:13:38.227Z,650422.482158192,5903310.29753884,13,1.26938772201538,1.27333188056946,0.0193807017058134,650422.482158192,5903340.65940519
267,31001003265,3265,1693242826.226,2023-08-28T17:13:46.226Z,650364.861239045,5903261.75214697,13,0.689201474189758,1.41384017467499,-0.129215463995934,650364.861239045,5903261.75214697
268,31001003265,3265,1693242834.225,2023-08-28T17:13:54.225Z,650310.231718363,5903239.78962862,13,0.926081538200378,1.95010960102081,-0.282727390527725,650310.231718363,5903239.78962862
269,31001003265,3265,1693242842.225,2023-08-28T17:14:02.225Z,650247.423696247,5903239.78962862,13,1.84666931629181,2.57522058486939,-0.109024092555046,650247.423696247,5903194.51695554
270,31001003265,3265,1693242850.224,2023-08-28T17:14:10.224Z,650247.423696247,5903239.78962862,13,0.966469049453735,1.73156952857971,-0.19155065715313,650235.093807741,5903220.73890601
271,31001003265,3265,1693242858.224,2023-08-28T17:14:18.224Z,650247.423696247,5903253.36562044,9,1.59060168266296,3.74119234085083,0.0647470131516457,650244.887362443,5903253.36562044
272,31001003265,3265,1693242866.224,2023-08-28T17:14:26.224Z,650266.856529388,5903298.2341665,11,10.9548377990723,14.4814624786377,1.78331100940704,650270.467597392,5903298.2341665
273,31001003265,3265,1693242874.223,2023-08-28T17:14:34.223Z,650270.467597392,5903340.36501163,10,2.39996981620789,5.69850635528565,-0.117368377745152,650266.856529388,5903340.36501163
274,31001003265,3265,1693242882.223,2023-08-28T17:14:42.223Z,650280.889984667,5903383.01117575,13,0.681098818778992,0.910358309745789,-0.0279577542096376,650280.889984667,5903389.12604152
275,31001003265,3265,1693242890.223,2023-08-28T17:14:50.223Z,650333.332393866,5903389.12604152,12,2.99449419975281,2.35080456733704,-0.831977248191834,650333.332393866,5903407.20055479
276,31001003265,3265,1693242898.222,2023-08-28T17:14:58.222Z,650422.699907753,5903407.20055479,13,0.507242798805237,0.786239326000214,-0.0633121803402901,650422.699907753,5903383.01117575
277,31001003265,3265,1693242906.22,2023-08-28T17:15:06.220Z,650433.196465813,5903439.75792593,13,0.641209065914154,0.994027495384216,-0.0835010856389999,650433.196465813,5903439.75792593
278,31001003265,3265,1693242914.22,2023-08-28T17:15:14.220Z,650502.284259229,5903498.26104037,13,1.81871652603149,2.7454686164856,-0.146523058414459,650502.284259229,5903498.26104037
279,31001003265,3265,1693242922.219,2023-08-28T17:15:22.219Z,650534.852389996,5903573.92395351,13,0.807103335857391,1.39875638484955,-0.142713814973831,650534.852389996,5903573.92395351
280,31001003265,3265,1693242930.219,2023-08-28T17:15:30.219Z,650534.852389996,5903646.0282699,15,0.792613089084625,1.59615838527679,-0.0177715681493282,650555.311392498,5903646.0282699
281,31001003265,3265,1693242938.22,2023-08-28T17:15:38.220Z,650534.852389996,5903717.9821803,13,6.93265104293823,7.15747404098511,0.0527015142142773,650558.189924302,5903717.9821803
282,31001003265,3265,1693242946.22,2023-08-28T17:15:46.220Z,650493.013687542,5903742.22471464,16,0.387275397777557,0.483036577701569,-0.029487382620573,650493.013687542,5903742.22471464
283,31001003265,3265,1693242954.22,2023-08-28T17:15:54.220Z,650423.287330331,5903766.48078083,16,0.583796858787537,0.730267882347107,-0.0701849982142448,650423.287330331,5903766.48078083
284,31001003265,3265,1693242962.219,2023-08-28T17:16:02.219Z,650346.677450378,5903767.32091024,14,3.8020167350769,7.67665100097656,-0.285043239593506,650346.677450378,5903767.97575691
285,31001003265,3265,1693242970.218,2023-08-28T17:16:10.218Z,650263.20063804,5903767.97575691,17,0.593927621841431,0.910288035869598,-0.0235233940184116,650263.20063804,5903767.32091024
286,31001003265,3265,1693242978.218,2023-08-28T17:16:18.218Z,650186.92745547,5903774.62419933,15,0.673768162727356,1.06992995738983,0.0382535867393017,650186.92745547,5903774.62419933
287,31001003265,3265,1693242986.22,2023-08-28T17:16:26.220Z,650099.265639412,5903785.76054554,12,4.58312368392944,7.32181072235107,0.0867728292942047,650099.265639412,5903785.76054554
288,31001003265,3265,1693242994.22,2023-08-28T17:16:34.220Z,650036.192986808,5903810.7907864,15,1.26841735839844,3.57224893569946,-0.262216359376907,650036.192986808,5903810.7907864
289,31001003265,3265,1693243002.219,2023-08-28T17:16:42.219Z,649958.762259363,5903825.80451153,17,0.525772988796234,0.995880126953125,0.0453855842351914,649958.762259363,5903825.80451153
290,31001003265,3265,1693243010.219,2023-08-28T17:16:50.219Z,649875.88754936,5903837.39596132,17,1.98928725719452,4.97553205490112,-0.371760785579681,649875.88754936,5903846.90107281
291,31001003265,3265,1693243018.218,2023-08-28T17:16:58.218Z,649788.781710813,5903837.39596132,14,0.719575941562653,1.81227397918701,0.233207136392593,649788.781710813,5903847.97875683
292,31001003265,3265,1693243026.219,2023-08-28T17:17:06.219Z,649681.854719207,5903837.39596132,18,0.512511789798737,1.45129418373108,0.101599708199501,649681.854719207,5903837.39596132
293,31001003265,3265,1693243034.219,2023-08-28T17:17:14.219Z,649572.839908626,5903805.56403626,15,1.04977715015411,2.74092268943787,0.524916112422943,649572.839908626,5903805.56403626
294,31001003265,3265,1693243042.219,2023-08-28T17:17:22.219Z,649453.705132562,5903805.56403626,15,1.33869504928589,3.41259050369263,-0.471737563610077,649453.705132562,5903793.70982362
295,31001003265,3265,1693243050.219,2023-08-28T17:17:30.219Z,649354.686288855,5903805.56403626,11,4.2415337562561,11.0580558776855,1.13336563110352,649354.686288855,5903799.30314126
296,31001003265,3265,1693243058.219,2023-08-28T17:17:38.219Z,649354.686288855,5903859.57283528,17,0.529349982738495,1.21386861801147,0.174845695495605,649291.523426573,5903859.57283528
297,31001003265,3265,1693243066.219,2023-08-28T17:17:46.219Z,649354.686288855,5903906.05964684,18,0.438188463449478,0.972858488559723,0.129976153373718,649306.212583282,5903922.87812689
298,31001003265,3265,1693243074.219,2023-08-28T17:17:54.219Z,649376.584907929,5903906.05964684,19,0.351812154054642,0.742486476898193,0.0856525599956513,649376.584907929,5903945.60090385
299,31001003265,3265,1693243082.218,2023-08-28T17:18:02.218Z,649479.23767291,5903906.05964684,15,1.52091133594513,3.97817206382751,-0.671995341777802,649479.23767291,5903906.05964684
300,31001003265,3265,1693243090.218,2023-08-28T17:18:10.218Z,649606.261828027,5903832.93830665,10,5.72025060653687,4.18628787994385,-2.2451958656311,649606.261828027,5903832.93830665
301,31001003265,3265,1693243098.217,2023-08-28T17:18:18.217Z,649743.476658444,5903814.58625578,14,1.68679785728455,1.61407971382141,-0.516946792602539,649743.476658444,5903814.58625578
302,31001003265,3265,1693243106.217,2023-08-28T17:18:26.217Z,649903.109342833,5903756.83610519,11,10.4162216186523,2.93933343887329,-3.28434634208679,649903.109342833,5903740.45837555
303,31001003265,3265,1693243114.217,2023-08-28T17:18:34.217Z,650037.665149695,5903740.45837555,14,2.77161908149719,4.75564336776733,-0.976106703281403,650037.665149695,5903713.19019277
304,31001003265,3265,1693243122.218,2023-08-28T17:18:42.218Z,650188.175208265,5903737.2183815,12,3.55013346672058,1.81076955795288,-0.885836243629456,650188.175208265,5903756.83610519
305,31001003265,3265,1693243130.218,2023-08-28T17:18:50.218Z,650335.961980401,5903713.19019277,15,0.506680309772492,0.696282923221588,-0.138937681913376,650335.961980401,5903737.2183815
306,31001003265,3265,1693243138.217,2023-08-28T17:18:58.217Z,650455.832837011,5903665.43905485,16,0.495217442512512,0.789276242256165,-0.0933371186256409,650455.832837011,5903665.43905485
307,31001003265,3265,1693243146.217,2023-08-28T17:19:06.217Z,650554.082343212,5903574.51166183,16,0.519803881645203,0.70802652835846,-0.133819475769997,650554.082343212,5903574.51166183
308,31001003265,3265,1693243154.216,2023-08-28T17:19:14.216Z,650646.894853585,5903491.47320466,13,0.545080304145813,0.81003874540329,-0.152866348624229,650646.894853585,5903491.47320466
309,31001003265,3265,1693243162.217,2023-08-28T17:19:22.217Z,650749.037242661,5903427.14675673,12,1.27301824092865,3.81086397171021,-0.869915187358856,650749.037242661,5903427.14675673
310,31001003265,3265,1693243170.216,2023-08-28T17:19:30.216Z,650854.964854116,5903351.94893686,16,0.498827308416367,0.70302414894104,-0.136293098330498,650854.964854116,5903351.94893686
311,31001003265,3265,1693243178.216,2023-08-28T17:19:38.216Z,650964.447773265,5903296.51717491,16,0.410243541002274,0.578433930873871,-0.0705136507749558,650964.447773265,5903296.51717491
312,31001003265,3265,1693243186.216,2023-08-28T17:19:46.216Z,651071.98915749,5903219.0888664,16,0.807687699794769,2.23451685905457,-0.427861958742142,651071.98915749,5903219.0888664
313,31001003265,3265,1693243194.216,2023-08-28T17:19:54.216Z,651174.409114121,5903133.79547966,16,0.7209792137146,2.05197048187256,-0.316533625125885,651174.409114121,5903133.79547966
314,31001003265,3265,1693243202.218,2023-08-28T17:20:02.218Z,651289.659241705,5903062.0043478,12,1.08387231826782,3.42856478691101,-0.606725454330444,651289.659241705,5903062.0043478
315,31001003265,3265,1693243210.218,2023-08-28T17:20:10.218Z,651422.700154794,5903062.0043478,11,1.26473832130432,2.7671205997467,-0.494275987148285,651422.700154794,5903010.28394067
316,31001003265,3265,1693243218.218,2023-08-28T17:20:18.218Z,651422.700154794,5903062.0043478,7,1.5084388256073,3.21414709091187,0.0589113458991051,651484.584108314,5903055.08530805
317,31001003265,3265,1693243234.219,2023-08-28T17:20:34.219Z,651422.700154794,5903088.46012574,3,48.3295097351074,309.639282226563,105.481414794922,651433.101955967,5903099.17098214
318,31001003265,3265,1693243506.201,2023-08-28T17:25:06.201Z,651379.262932382,5903088.46012574,3,38.5260429382324,311.523498535156,105.54972076416,651377.62881431,5903093.02472549
319,31001003265,3265,1693243570.201,2023-08-28T17:26:10.201Z,651377.62881431,5903088.46012574,3,39.0969352722168,313.425048828125,105.950378417969,651379.262932382,5903088.46012574
320,31001003265,3265,1693243610.2,2023-08-28T17:26:50.200Z,651377.62881431,5903088.46012574,4,35.6353340148926,288.206176757813,96.8254089355469,651370.715633486,5903079.90714433
321,31001003265,3265,1693243618.2,2023-08-28T17:26:58.200Z,651376.576963821,5903085.86038805,3,343.669555664063,2807.33471679688,977.146057128906,651372.322807567,5903078.64126804
322,31001003265,3265,1693243634.199,2023-08-28T17:27:14.199Z,651376.109505475,5903083.36661413,3,359.767944335938,2959.2392578125,1026.84936523438,651386.500333102,5903115.86513461
323,31001003265,3265,1693243642.199,2023-08-28T17:27:22.199Z,651376.109505475,5903083.36661413,4,27.9356365203857,223.585876464844,75.1991348266602,651376.576963821,5903085.86038805
324,31001003265,3265,1693243650.199,2023-08-28T17:27:30.199Z,651376.109505475,5903083.36661413,4,30.7088947296143,245.846313476563,82.966438293457,651376.109505475,5903083.36661413
325,31001003265,3265,1693243658.198,2023-08-28T17:27:38.198Z,651372.036177171,5903076.41659465,4,35.5546798706055,285.248962402344,96.7761611938477,651369.75712807,5903069.27160042
326,31001003265,3265,1693243666.197,2023-08-28T17:27:46.197Z,651372.036177171,5903076.41659465,3,161.23860168457,1315.26586914063,456.627532958984,651372.036177171,5903076.41659465
327,31001003265,3265,1693243674.196,2023-08-28T17:27:54.196Z,651372.036177171,5903076.41659465,3,153.352096557617,1232.58728027344,430.613586425781,651362.142264918,5903043.15996478
328,31001003265,3265,1693243682.194,2023-08-28T17:28:02.194Z,651372.036177171,5903076.41659465,3,205.007064819336,1655.65478515625,578.711242675781,651362.468709443,5903045.78439429
329,31001003265,3265,1693243690.194,2023-08-28T17:28:10.194Z,651382.442844184,5903104.18569211,3,333.207763671875,2763.99755859375,954.777282714844,651395.496711408,5903144.68733139
331,31001003265,3265,1693243722.194,2023-08-28T17:28:42.194Z,651382.442844184,5903104.18569211,3,354.29296875,2906.23486328125,1010.16473388672,651382.442844184,5903104.18569211
333,31001003265,3265,1693243738.196,2023-08-28T17:28:58.196Z,651382.442844184,5903104.18569211,3,499.683410644531,4160.74658203125,1436.82568359375,651413.976848998,5903190.58162758
334,31001003265,3265,1693243746.196,2023-08-28T17:29:06.196Z,651382.442844184,5903104.18569211,3,402.308837890625,3305.18505859375,1148.7607421875,651377.493539097,5903093.52535986
335,31001003265,3265,1693243754.196,2023-08-28T17:29:14.196Z,651382.442844184,5903104.18569211,3,511.440246582031,4187.91015625,1457.42846679688,651383.848830329,5903107.0185592
336,31001003265,3265,1693243762.195,2023-08-28T17:29:22.195Z,651382.442844184,5903104.18569211,3,262.880462646484,2142.626953125,746.353149414063,651360.095907213,5903048.78289023
337,31001003265,3265,1693243770.195,2023-08-28T17:29:30.195Z,651383.848830329,5903107.0185592,3,339.829742431641,2798.75439453125,971.017578125,651373.869341681,5903087.65527026
338,31001003265,3265,1693243778.195,2023-08-28T17:29:38.195Z,651401.104281847,5903170.95624495,3,380.208709716797,3081.75854492188,1078.87451171875,651417.341891632,5903170.95624495
339,31001003265,3265,1693243786.196,2023-08-28T17:29:46.196Z,651401.104281847,5903248.43234041,4,13.2197961807251,74.1689682006836,24.3890247344971,651441.057049195,5903248.43234041
340,31001003265,3265,1693243794.195,2023-08-28T17:29:54.195Z,651401.104281847,5903248.43234041,12,0.946544229984283,2.94147849082947,-0.249529227614403,651401.104281847,5903272.08829911
341,31001003265,3265,1693243802.195,2023-08-28T17:30:02.195Z,651401.104281847,5903248.43234041,13,0.833009600639343,1.96507441997528,-0.18202218413353,651388.091794584,5903311.71140168
342,31001003265,3265,1693243810.194,2023-08-28T17:30:10.194Z,651401.104281847,5903221.47623264,13,0.782902002334595,2.17719054222107,-0.294778674840927,651358.352996631,5903221.47623264
343,31001003265,3265,1693243818.194,2023-08-28T17:30:18.194Z,651403.751592839,5903099.14548222,11,0.91533237695694,2.89340090751648,-0.363062053918839,651403.751592839,5903099.14548222
344,31001003265,3265,1693243826.193,2023-08-28T17:30:26.193Z,651463.794817845,5903063.51391606,13,0.821103692054749,2.40908122062683,-0.209596589207649,651483.347491685,5903040.66125623
345,31001003265,3265,1693243834.193,2023-08-28T17:30:34.193Z,651463.794817845,5903061.42939125,13,0.8478102684021,2.66004157066345,-0.291283488273621,651496.584272464,5903061.42939125
346,31001003265,3265,1693243842.194,2023-08-28T17:30:42.194Z,651463.794817845,5903061.42939125,4,14.4819574356079,90.4563674926758,33.0831756591797,651463.794817845,5903063.51391606
347,31001003265,3265,1693243850.193,2023-08-28T17:30:50.193Z,651458.162602532,5903061.42939125,3,388.449462890625,2521.80249023438,985.494445800781,651422.115600894,5902972.45529137
348,31001003265,3265,1693243858.192,2023-08-28T17:30:58.192Z,651458.162602532,5903063.51391606,4,35.5589714050293,227.547119140625,85.7327575683594,651448.12485979,5903032.44583287
349,31001003265,3265,1693243866.191,2023-08-28T17:31:06.191Z,651448.12485979,5903076.95158969,4,5.95255279541016,36.425910949707,11.7142095565796,651458.162602532,5903083.35619432
350,31001003265,3265,1693243874.191,2023-08-28T17:31:14.191Z,651448.12485979,5903083.35619432,3,30.0493812561035,199.735900878906,69.8724670410156,651460.331215381,5903097.54535931
351,31001003265,3265,1693243882.191,2023-08-28T17:31:22.191Z,651437.414373393,5903097.54535931,4,8.32611751556397,56.4799118041992,18.5239887237549,651418.650299311,5903076.95158969
352,31001003265,3265,1693243890.191,2023-08-28T17:31:30.191Z,651418.650299311,5903110.95553682,4,2.00777769088745,10.9337539672852,1.77097105979919,651437.414373393,5903110.95553682
353,31001003265,3265,1693243898.191,2023-08-28T17:31:38.191Z,651414.474857514,5903110.95553682,4,1.10312485694885,4.81898784637451,-0.545822441577911,651412.238852145,5903147.81508368
354,31001003265,3265,1693243906.191,2023-08-28T17:31:46.191Z,651414.474857514,5903110.95553682,4,1.08657217025757,4.83570909500122,-0.590995013713837,651363.298536689,5903114.72827174
355,31001003265,3265,1693243914.19,2023-08-28T17:31:54.190Z,651414.474857514,5903110.95553682,4,1.11997747421265,4.64015436172485,-0.414431035518646,651414.474857514,5903108.63346628
356,31001003265,3265,1693243922.19,2023-08-28T17:32:02.190Z,651434.979597452,5903108.63346628,4,1.11299991607666,4.38282680511475,-0.407576024532318,651479.300934506,5903115.92690761
357,31001003265,3265,1693243930.191,2023-08-28T17:32:10.191Z,651436.015410399,5903104.72333814,4,6.52284479141235,48.2970314025879,-1.20365476608276,651472.101259432,5903101.09734315
358,31001003265,3265,1693243938.191,2023-08-28T17:32:18.191Z,651436.015410399,5903104.72333814,4,13.5257949829102,90.8589324951172,31.7857837677002,651434.979597452,5903075.54594148
359,31001003265,3265,1693243946.191,2023-08-28T17:32:26.191Z,651436.015410399,5903104.72333814,3,457.368225097656,3285.158203125,1221.21984863281,651436.015410399,5903104.72333814
360,31001003265,3265,1693243962.189,2023-08-28T17:32:42.189Z,651434.979597452,5903105.71174205,3,500.169464111328,3605.49829101563,1337.46166992188,651445.236522611,5903131.65351012
361,31001003265,3265,1693243978.189,2023-08-28T17:32:58.189Z,651431.424707418,5903131.65351012,3,267.086822509766,1943.91589355469,716.408569335938,651431.424707418,5903105.71174205
362,31001003265,3265,1693243986.189,2023-08-28T17:33:06.189Z,651431.424707418,5903132.38967495,3,10.6040620803833,89.1962585449219,27.7122592926025,651409.75101047,5903132.38967495
363,31001003265,3265,1693243994.189,2023-08-28T17:33:14.189Z,651419.698236303,5903157.8812635,3,9.97321319580078,84.3309707641602,25.7018508911133,651402.643422734,5903157.8812635
364,31001003265,3265,1693244002.19,2023-08-28T17:33:22.190Z,651409.75101047,5903157.8812635,4,1.09897255897522,4.27793025970459,-0.64915007352829,651464.498681171,5903193.65766296
365,31001003265,3265,1693244010.19,2023-08-28T17:33:30.190Z,651405.179937318,5903157.8812635,4,1.24289631843567,5.2828369140625,-0.582311749458313,651419.698236303,5903175.26180412
366,31001003265,3265,1693244034.189,2023-08-28T17:33:54.189Z,651405.179937318,5903079.91306535,3,453.606079101563,3308.83740234375,1220.70947265625,651389.412440934,5903011.21086597
367,31001003265,3265,1693244250.176,2023-08-28T17:37:30.176Z,651389.412440934,5903064.97537741,3,50.4583854675293,313.049194335938,101.193977355957,651405.179937318,5903064.97537741
368,31001003265,3265,1693244314.176,2023-08-28T17:38:34.176Z,651389.3243524,5903055.69198155,3,12.5858497619629,94.0016174316406,30.4586505889893,651389.3243524,5903079.91306535
369,31001003265,3265,1693244458.171,2023-08-28T17:40:58.171Z,651342.2494337,5903015.86269685,3,76.9401626586914,651.353759765625,220.567031860352,651330.605037616,5903014.21868881
370,31001003265,3265,1693244466.171,2023-08-28T17:41:06.171Z,651339.546447973,5903015.86269685,3,217.291839599609,1812.95446777344,622.963745117188,651323.91308269,5902993.21278409
371,31001003265,3265,1693244474.171,2023-08-28T17:41:14.171Z,651339.546447973,5903047.38478556,3,210.360198974609,1799.26794433594,607.741455078125,651342.2494337,5903055.69198155
372,31001003265,3265,1693244482.171,2023-08-28T17:41:22.171Z,651339.546447973,5903047.38478556,3,372.061126708984,3158.92041015625,1079.03845214844,651328.371419668,5903015.86269685
373,31001003265,3265,1693244490.171,2023-08-28T17:41:30.171Z,651339.546447973,5903047.38478556,3,171.068511962891,1462.20202636719,495.398620605469,651339.546447973,5903047.38478556
374,31001003265,3265,1693244498.171,2023-08-28T17:41:38.171Z,651339.546447973,5903047.38478556,3,155.723556518555,1335.31689453125,450.5322265625,651348.941733277,5903071.0009427
375,31001003265,3265,1693244506.171,2023-08-28T17:41:46.171Z,651339.546447973,5903047.38478556,3,203.624053955078,1754.8955078125,593.131652832031,651351.008937475,5903077.94352781
376,31001003265,3265,1693244514.17,2023-08-28T17:41:54.170Z,651337.187141435,5903040.51862125,3,307.847381591797,2577.47412109375,885.673156738281,651319.630715532,5902985.91379676
377,31001003265,3265,1693244522.17,2023-08-28T17:42:02.170Z,651337.187141435,5903040.51862125,3,111.206352233887,920.149169921875,314.317810058594,651320.28424036,5902981.66759533
378,31001003265,3265,1693244530.169,2023-08-28T17:42:10.169Z,651337.187141435,5903040.51862125,3,130.564697265625,1117.23120117188,377.962463378906,651337.187141435,5903040.51862125
379,31001003265,3265,1693244538.169,2023-08-28T17:42:18.169Z,651337.187141435,5903040.51862125,4,30.6998882293701,257.455413818359,84.6530838012695,651330.6582754,5903025.09735509
380,31001003265,3265,1693244546.168,2023-08-28T17:42:26.168Z,651337.187141435,5903040.51862125,4,35.5322761535645,298.339752197266,97.5222625732422,651341.807076133,5903051.92066626
381,31001003265,3265,1693244554.167,2023-08-28T17:42:34.167Z,651339.011209459,5903044.50037528,4,28.3602676391602,238.958190917969,78.2741470336914,651341.404781269,5903053.13203388
382,31001003265,3265,1693244562.166,2023-08-28T17:42:42.166Z,651339.011209459,5903044.50037528,4,34.3177757263184,286.676727294922,94.8115463256836,651335.380086731,5903030.18718513
383,31001003265,3265,1693244570.166,2023-08-28T17:42:50.166Z,651339.011209459,5903044.50037528,3,291.930511474609,2494.62109375,845.784912109375,651339.011209459,5903044.50037528
384,31001003265,3265,1693244586.166,2023-08-28T17:43:06.166Z,651337.353144565,5903044.50037528,3,258.081207275391,2243.86743164062,756.21142578125,651346.549952788,5903074.98457657
385,31001003265,3265,1693244594.166,2023-08-28T17:43:14.166Z,651337.353144565,5903044.50037528,4,33.2384490966797,279.180999755859,91.047477722168,651336.79412256,5903041.84866816
386,31001003265,3265,1693244602.166,2023-08-28T17:43:22.166Z,651337.353144565,5903049.59660846,4,27.0940895080566,229.211273193359,74.5490493774414,651337.353144565,5903049.59660846
387,31001003265,3265,1693244610.167,2023-08-28T17:43:30.167Z,651337.353144565,5903049.59660846,3,132.618499755859,1129.31921386719,382.860412597656,651328.271766215,5903018.96464213
388,31001003265,3265,1693244618.167,2023-08-28T17:43:38.167Z,651337.353144565,5903049.59660846,3,398.704376220703,3482.92553710938,1172.71875,651360.049054481,5903109.75088426
389,31001003265,3265,1693244626.167,2023-08-28T17:43:46.167Z,651337.353144565,5903049.59660846,4,25.3709907531738,213.771606445313,69.2201995849609,651342.291835571,5903058.31228228
390,31001003265,3265,1693244634.166,2023-08-28T17:43:54.166Z,651337.353144565,5903049.59660846,4,23.7182769775391,196.207260131836,64.0089645385742,651329.147487605,5903015.21143056
391,31001003265,3265,1693244650.166,2023-08-28T17:44:10.166Z,651336.503772425,5903046.96680896,4,25.9253730773926,218.960510253906,71.2201309204102,651336.503772425,5903046.96680896
392,31001003265,3265,1693244658.166,2023-08-28T17:44:18.166Z,651340.943850114,5903058.31228228,3,156.700256347656,1373.46789550781,459.613800048828,651352.020882108,5903093.2871602
394,31001003265,3265,1693244674.167,2023-08-28T17:44:34.167Z,651340.943850114,5903058.31228228,3,182.505859375,1592.02160644531,534.534912109375,651340.943850114,5903066.25438945
395,31001003265,3265,1693244682.166,2023-08-28T17:44:42.166Z,651336.503772425,5903046.96680896,3,499.904235839844,4305.10302734375,1460.25744628906,651325.868849864,5903023.74726738
396,31001003265,3265,1693244698.166,2023-08-28T17:44:58.166Z,651336.503772425,5903046.96680896,3,248.978103637695,2136.63891601563,724.099670410156,651328.895972154,5903028.5687958
397,31001003265,3265,1693244714.164,2023-08-28T17:45:14.164Z,651328.895972154,5903028.5687958,3,360.425872802734,3139.89404296875,1058.86242675781,651346.612027116,5903077.09067695
398,31001003265,3265,1693244730.163,2023-08-28T17:45:30.163Z,651328.895972154,5903028.5687958,3,130.96125793457,1139.30700683594,382.096466064453,651355.25562476,5903095.83456404
399,31001003265,3265,1693244746.164,2023-08-28T17:45:46.164Z,651326.958395361,5903021.20165079,3,120.954612731934,1040.54113769531,350.484313964844,651324.792918144,5903021.20165079
400,31001003265,3265,1693244754.164,2023-08-28T17:45:54.164Z,651326.958395361,5903013.3672503,3,139.231597900391,1179.96826171875,401.245178222656,651326.958395361,5903013.3672503
401,31001003265,3265,1693244762.165,2023-08-28T17:46:02.165Z,651324.792918144,5903013.3672503,3,308.537506103516,2625.24951171875,895.095947265625,651318.234874169,5902996.1716091
402,31001003265,3265,1693244770.165,2023-08-28T17:46:10.165Z,651324.792918144,5903013.3672503,3,429.352783203125,3654.43627929688,1245.95483398438,651319.301455296,5903000.74401875
403,31001003265,3265,1693244778.165,2023-08-28T17:46:18.165Z,651326.958395361,5903013.3672503,3,259.988739013672,2208.09545898438,751.674926757813,651331.542435844,5903027.17045343
404,31001003265,3265,1693244786.165,2023-08-28T17:46:26.165Z,651331.542435844,5903024.52025175,3,405.937835693359,3473.82885742188,1179.40466308594,651331.65742143,5903024.52025175
405,31001003265,3265,1693244802.163,2023-08-28T17:46:42.163Z,651331.65742143,5903027.17045343,3,365.265594482422,3154.4521484375,1066.99645996094,651308.363632456,5902990.45149871
406,31001003265,3265,1693244818.161,2023-08-28T17:46:58.161Z,651341.712323462,5903055.35927758,3,418.792510986328,3590.4365234375,1219.18615722656,651341.712323462,5903055.35927758
407,31001003265,3265,1693244826.161,2023-08-28T17:47:06.161Z,651358.065559034,5903108.34018651,3,291.545684814453,2556.86108398438,858.499633789063,651358.065559034,5903108.67973334
408,31001003265,3265,1693244834.16,2023-08-28T17:47:14.160Z,651359.059026691,5903108.67973334,3,360.258880615234,3209.07641601563,1068.04455566406,651359.059026691,5903118.05197533
409,31001003265,3265,1693244842.16,2023-08-28T17:47:22.160Z,651359.059026691,5903108.67973334,3,287.220764160156,2495.59521484375,839.760131835937,651359.87791248,5903108.34018651
411,31001003265,3265,1693244866.161,2023-08-28T17:47:46.161Z,651359.059026691,5903108.67973334,3,245.032989501953,2136.71166992188,716.717529296875,651359.710812992,5903112.0696182
412,31001003265,3265,1693244874.161,2023-08-28T17:47:54.161Z,651359.059026691,5903108.34018651,3,257.234313964844,2254.56030273438,756.861694335938,651344.853825751,5903078.50154516
413,31001003265,3265,1693244890.16,2023-08-28T17:48:10.160Z,651350.658829435,5903085.44976522,3,429.666412353516,3801.57592773438,1268.70837402344,651369.071227183,5903145.27458831
414,31001003265,3265,1693244898.161,2023-08-28T17:48:18.161Z,651344.853825751,5903078.50154516,3,163.480407714844,1396.54919433594,473.316833496094,651323.823833896,5903012.77519565
415,31001003265,3265,1693244914.161,2023-08-28T17:48:34.161Z,651344.853825751,5903078.50154516,3,338.367706298828,2924.6845703125,985.825317382812,651350.658829435,5903085.44976522
416,31001003265,3265,1693244938.16,2023-08-28T17:48:58.160Z,651344.853825751,5903078.50154516,3,195.212463378906,1606.38989257813,553.547302246094,651290.628710657,5902917.41680054
417,31001003265,3265,1693244946.159,2023-08-28T17:49:06.159Z,651350.658829435,5903085.44976522,4,14.3410358428955,119.052345275879,38.1040077209473,651342.900234957,5903055.02158076
418,31001003265,3265,1693244954.159,2023-08-28T17:49:14.159Z,651383.730347667,5903089.42025134,4,3.49905514717102,6.72452688217163,-1.5522872209549,651383.730347667,5903089.42025134
419,31001003265,3265,1693244962.16,2023-08-28T17:49:22.160Z,651406.745744279,5903139.2003559,4,4.43811178207397,27.5643501281738,4.14470624923706,651406.745744279,5903139.2003559
420,31001003265,3265,1693244970.161,2023-08-28T17:49:30.161Z,651477.76560789,5903139.3494507,4,3.48830986022949,19.5062580108643,4.64403104782105,651477.76560789,5903168.03279086
421,31001003265,3265,1693244978.161,2023-08-28T17:49:38.161Z,651490.789386481,5903139.3494507,4,1.83850502967834,6.79161310195923,0.300523698329926,651561.326994827,5903177.9240679
422,31001003265,3265,1693244986.161,2023-08-28T17:49:46.161Z,651490.789386481,5903139.3494507,5,1.12419283390045,4.09926223754883,-0.652381479740143,651564.941916704,5903139.3494507
423,31001003265,3265,1693244994.16,2023-08-28T17:49:54.160Z,651490.789386481,5903139.3494507,14,0.794100999832153,2.09634613990784,-0.233596980571747,651490.789386481,5903128.7312616
424,31001003265,3265,1693245002.16,2023-08-28T17:50:02.160Z,651414.785507767,5903139.3494507,12,0.852023780345917,2.18184232711792,-0.0024195562582463,651414.785507767,5903138.52189062
425,31001003265,3265,1693245010.16,2023-08-28T17:50:10.160Z,651328.915801565,5903177.32996596,9,4.94662427902222,5.2997088432312,0.0212094653397799,651328.915801565,5903177.32996596
426,31001003265,3265,1693245018.16,2023-08-28T17:50:18.160Z,651239.827144738,5903237.74108842,10,1.74267041683197,3.37810468673706,0.163502916693687,651239.827144738,5903237.74108842
427,31001003265,3265,1693245026.16,2023-08-28T17:50:26.160Z,651113.024442186,5903257.4333203,9,1.40355634689331,2.1548125743866,-0.33654648065567,651113.024442186,5903270.93786687
428,31001003265,3265,1693245034.16,2023-08-28T17:50:34.160Z,650967.900709874,5903258.4770613,9,1.52603077888489,6.49272060394287,-0.274048507213593,650967.900709874,5903257.4333203
429,31001003265,3265,1693245042.16,2023-08-28T17:50:42.160Z,650843.252500391,5903270.93786687,10,2.02106094360352,5.42301082611084,-0.196639835834503,650843.252500391,5903258.4770613
430,31001003265,3265,1693245050.161,2023-08-28T17:50:50.161Z,650747.877187968,5903274.10526107,11,0.64335161447525,0.716084599494934,-0.106212429702282,650747.877187968,5903274.10526107
431,31001003265,3265,1693245058.16,2023-08-28T17:50:58.160Z,650727.205648677,5903274.10526107,17,0.570185899734497,0.70668625831604,-0.0304346568882465,650727.205648677,5903317.53908976
432,31001003265,3265,1693245066.16,2023-08-28T17:51:06.160Z,650666.28333806,5903305.517642,15,2.42073035240173,4.20681476593018,-1.1037722826004,650666.28333806,5903305.517642
433,31001003265,3265,1693245074.159,2023-08-28T17:51:14.159Z,650666.28333806,5903317.53908976,15,0.695710957050324,1.4082328081131,-0.180434003472328,650591.675082805,5903263.52909104
434,31001003265,3265,1693245082.158,2023-08-28T17:51:22.158Z,650666.28333806,5903324.68465728,15,0.5151207447052,0.615239202976227,-0.0669723302125931,650598.272439346,5903324.68465728
435,31001003265,3265,1693245090.157,2023-08-28T17:51:30.157Z,650672.04453421,5903336.88080887,15,0.456399291753769,0.578353404998779,-0.0621302463114262,650672.04453421,5903336.88080887
436,31001003265,3265,1693245098.157,2023-08-28T17:51:38.157Z,650678.59761373,5903346.79630013,14,0.682608783245087,0.868084013462067,-0.191530674695969,650746.812623273,5903346.79630013
437,31001003265,3265,1693245106.157,2023-08-28T17:51:46.157Z,650678.59761373,5903346.79630013,14,0.627680242061615,1.59485590457916,0.121719270944595,650751.225551079,5903366.40775666
438,31001003265,3265,1693245114.156,2023-08-28T17:51:54.156Z,650678.59761373,5903346.79630013,15,0.551598846912384,1.14637589454651,-0.0154012078419328,650678.59761373,5903355.02504428
439,31001003265,3265,1693245122.155,2023-08-28T17:52:02.155Z,650592.570786475,5903341.97021757,15,0.547985792160034,1.11345314979553,-0.015850305557251,650592.570786475,5903326.68616433
440,31001003265,3265,1693245130.154,2023-08-28T17:52:10.154Z,650576.285025629,5903341.97021757,15,0.585323989391327,1.0348082780838,-0.014784986153245,650519.988894001,5903310.41490306
441,31001003265,3265,1693245138.154,2023-08-28T17:52:18.154Z,650576.285025629,5903341.97021757,14,1.05621349811554,2.35850405693054,-0.296077370643616,650543.677509515,5903341.97021757
442,31001003265,3265,1693245146.154,2023-08-28T17:52:26.154Z,650576.285025629,5903355.21764731,15,0.909589111804962,2.17412042617798,-0.416862368583679,650576.285025629,5903365.89631654
443,31001003265,3265,1693245154.153,2023-08-28T17:52:34.153Z,650628.236702124,5903355.21764731,15,0.941854059696198,2.6536660194397,-0.587040901184082,650628.236702124,5903376.45278763
444,31001003265,3265,1693245162.153,2023-08-28T17:52:42.153Z,650726.802177935,5903355.21764731,13,1.03114473819733,3.23726916313171,-0.672214150428772,650726.802177935,5903355.21764731
445,31001003265,3265,1693245170.152,2023-08-28T17:52:50.152Z,650819.808643654,5903355.21764731,15,0.439097583293915,0.581526696681976,-0.05310482904315,650819.808643654,5903329.02481769
446,31001003265,3265,1693245178.152,2023-08-28T17:52:58.152Z,650819.808643654,5903355.21764731,15,0.674463272094727,0.942957758903503,-0.0797763019800186,650893.452237563,5903330.44472894
447,31001003265,3265,1693245186.152,2023-08-28T17:53:06.152Z,650819.808643654,5903369.39858924,12,1.51684081554413,1.81142461299896,-0.480488181114197,650832.502485582,5903369.39858924
448,31001003265,3265,1693245194.152,2023-08-28T17:53:14.152Z,650757.882801141,5903399.78237972,13,1.29062056541443,2.72178220748901,-0.204838544130325,650757.882801141,5903399.78237972
449,31001003265,3265,1693245202.152,2023-08-28T17:53:22.152Z,650674.257204309,5903442.15092745,15,0.767837464809418,1.18451619148254,-0.154212325811386,650674.257204309,5903442.15092745
450,31001003265,3265,1693245210.152,2023-08-28T17:53:30.152Z,650588.037442922,5903467.6473603,15,1.06766903400421,2.13242340087891,-0.385462552309036,650588.037442922,5903467.6473603
451,31001003265,3265,1693245218.151,2023-08-28T17:53:38.151Z,650489.088265705,5903498.86306925,9,8.54735660552979,9.94489765167236,-1.33778989315033,650489.088265705,5903498.86306925
452,31001003265,3265,1693245226.151,2023-08-28T17:53:46.151Z,650404.63045013,5903557.78168568,14,1.32079267501831,1.82402324676514,-0.355310440063477,650404.63045013,5903557.78168568
453,31001003265,3265,1693245234.15,2023-08-28T17:53:54.150Z,650313.954875782,5903572.45998675,13,1.49890732765198,3.93655943870544,-0.49242290854454,650313.954875782,5903572.45998675
454,31001003265,3265,1693245242.15,2023-08-28T17:54:02.150Z,650234.499964011,5903580.29632047,13,1.35830116271973,1.97205531597137,-0.204296886920929,650234.499964011,5903596.33802484
455,31001003265,3265,1693245250.151,2023-08-28T17:54:10.151Z,650136.18852175,5903582.15304041,13,0.836839079856873,1.470085978508,0.0321148708462715,650136.18852175,5903582.15304041
456,31001003265,3265,1693245258.15,2023-08-28T17:54:18.150Z,650039.032034252,5903592.44521658,14,0.978802680969238,1.67505347728729,0.140808492898941,650039.032034252,5903580.29632047
457,31001003265,3265,1693245266.15,2023-08-28T17:54:26.150Z,649952.21467081,5903592.44521658,15,1.12034380435944,1.9906222820282,-0.1300078779459,649952.21467081,5903592.44521658
458,31001003265,3265,1693245274.15,2023-08-28T17:54:34.150Z,649871.070010476,5903622.40216044,15,0.902592837810516,1.90908527374268,0.17740660905838,649871.070010476,5903622.40216044
459,31001003265,3265,1693245282.15,2023-08-28T17:54:42.150Z,649790.759383593,5903642.87175437,11,2.10637331008911,3.57103061676025,-0.116471856832504,649790.759383593,5903642.87175437
460,31001003265,3265,1693245290.149,2023-08-28T17:54:50.149Z,649690.611042207,5903671.88220111,14,0.848156630992889,1.81283903121948,0.218677580356598,649690.611042207,5903671.88220111
461,31001003265,3265,1693245298.149,2023-08-28T17:54:58.149Z,649585.648618216,5903692.18605091,15,0.857624232769013,1.66658437252045,0.296363174915314,649585.648618216,5903692.18605091
462,31001003265,3265,1693245306.15,2023-08-28T17:55:06.150Z,649498.3632679,5903713.95376384,15,0.701628267765045,1.44896221160889,0.0422563217580318,649498.3632679,5903713.95376384
463,31001003265,3265,1693245314.15,2023-08-28T17:55:14.150Z,649417.186125622,5903733.30061377,15,0.860260188579559,2.3061945438385,0.121592856943607,649417.186125622,5903733.30061377
464,31001003265,3265,1693245322.149,2023-08-28T17:55:22.149Z,649330.610272368,5903758.5905251,10,11.2495450973511,6.92268562316895,-2.72447943687439,649330.610272368,5903758.5905251
465,31001003265,3265,1693245330.148,2023-08-28T17:55:30.148Z,649247.901939361,5903801.5660699,12,3.99708938598633,6.57230567932129,0.758646309375763,649247.901939361,5903801.5660699
466,31001003265,3265,1693245338.15,2023-08-28T17:55:38.150Z,649178.884931501,5903848.6608495,12,1.15756988525391,2.7971830368042,0.516390144824982,649178.884931501,5903848.6608495
467,31001003265,3265,1693245346.148,2023-08-28T17:55:46.148Z,649119.977551346,5903910.79775156,12,2.1872878074646,4.73664569854736,1.25350701808929,649119.977551346,5903910.79775156
468,31001003265,3265,1693245354.147,2023-08-28T17:55:54.147Z,649039.747874623,5903956.65897109,11,1.96912837028503,4.91433095932007,0.497589468955994,649039.747874623,5903956.65897109
469,31001003265,3265,1693245362.146,2023-08-28T17:56:02.146Z,648942.368642599,5903976.82476676,12,1.31291854381561,2.74600410461426,0.147456973791122,648942.368642599,5903976.82476676
470,31001003265,3265,1693245370.146,2023-08-28T17:56:10.146Z,648851.751975046,5904016.28695177,11,1.36124300956726,2.39935708045959,0.432997018098831,648851.751975046,5904016.28695177
471,31001003265,3265,1693245378.146,2023-08-28T17:56:18.146Z,648760.448780585,5904061.71096025,10,1.83873867988586,4.91100263595581,1.15339946746826,648760.448780585,5904061.71096025
472,31001003265,3265,1693245386.144,2023-08-28T17:56:26.144Z,648681.752396505,5904121.79098821,11,2.16994166374207,3.26520013809204,1.0249011516571,648681.752396505,5904121.79098821
473,31001003265,3265,1693245394.145,2023-08-28T17:56:34.145Z,648593.981298181,5904179.71390801,10,2.39485383033752,8.91294002532959,1.11530935764313,648593.981298181,5904179.71390801
474,31001003265,3265,1693245402.144,2023-08-28T17:56:42.144Z,648514.900266602,5904229.13650571,9,2.37406396865845,3.95595622062683,0.71601939201355,648514.900266602,5904229.13650571
475,31001003265,3265,1693245410.143,2023-08-28T17:56:50.143Z,648440.315851799,5904275.61200379,9,1.59473395347595,2.17437791824341,0.626272797584534,648440.315851799,5904275.61200379
476,31001003265,3265,1693245418.142,2023-08-28T17:56:58.142Z,648385.297026505,5904321.85403647,8,1.82666397094727,2.222243309021,0.560619235038757,648385.297026505,5904321.85403647
477,31001003265,3265,1693245426.141,2023-08-28T17:57:06.141Z,648321.817867004,5904357.18825862,8,1.4788601398468,1.34065139293671,0.435606986284256,648321.817867004,5904357.18825862
478,31001003265,3265,1693245434.141,2023-08-28T17:57:14.141Z,648255.149491229,5904403.52294404,7,7.68677663803101,7.26323318481445,1.75560617446899,648255.149491229,5904403.52294404
479,31001003265,3265,1693245442.141,2023-08-28T17:57:22.141Z,648196.056830251,5904451.86517972,8,6.79009914398193,6.43803644180298,1.79660928249359,648196.056830251,5904451.86517972
480,31001003265,3265,1693245450.14,2023-08-28T17:57:30.140Z,648128.822498407,5904503.87271654,7,5.3814845085144,8.82821846008301,3.18453335762024,648128.822498407,5904503.87271654
481,31001003265,3265,1693245458.14,2023-08-28T17:57:38.140Z,648053.169336556,5904550.49837741,8,5.68487215042114,4.22092866897583,1.76034474372864,648053.169336556,5904550.49837741
482,31001003265,3265,1693245466.14,2023-08-28T17:57:46.140Z,647983.798809977,5904593.98430252,7,14.9002656936646,19.4860591888428,5.6752552986145,647983.798809977,5904593.98430252
483,31001003265,3265,1693245490.138,2023-08-28T17:58:10.138Z,647772.935174595,5904763.48223621,3,73.6853561401367,95.0547027587891,42.6758155822754,647772.935174595,5904763.48223621
484,31001003265,3265,1693246778.081,2023-08-28T18:19:38.081Z,645767.623573589,5913375.67673707,3,242.40299987793,278.466064453125,-250.534820556641,645767.623573589,5913578.80918205
485,31001003265,3265,1693246794.082,2023-08-28T18:19:54.082Z,645661.219467794,5913375.67673707,3,520.927795410156,733.944274902344,-608.792114257813,645661.219467794,5913452.32982572
486,31001003265,3265,1693246818.08,2023-08-28T18:20:18.080Z,645594.40360119,5913375.67673707,3,138.620590209961,192.662857055664,-159.004135131836,645444.641311097,5913375.67673707
487,31001003265,3265,1693246826.08,2023-08-28T18:20:26.080Z,645594.40360119,5913375.67673707,3,120.07112121582,186.433181762695,-147.722534179688,645518.68758482,5913410.90659961
488,31001003265,3265,1693253697.787,2023-08-28T20:14:57.787Z,645594.40360119,5913318.59079151,6,29.8003311157227,31.1065902709961,-27.8575458526611,645594.40360119,5913296.12411129
489,31001003265,3265,1693253705.787,2023-08-28T20:15:05.787Z,645674.772479869,5913318.59079151,6,7.37289619445801,6.50236177444458,-5.50849866867065,645674.772479869,5913316.84440223
490,31001003265,3265,1693253713.787,2023-08-28T20:15:13.787Z,645790.475298613,5913318.59079151,9,25.4287910461426,16.6705493927002,-17.5845565795898,645790.475298613,5913318.59079151
491,31001003265,3265,1693253721.787,2023-08-28T20:15:21.787Z,645877.092577225,5913327.61275041,10,3.97074007987976,2.57762837409973,-2.23828101158142,645877.092577225,5913327.61275041
492,31001003265,3265,1693253729.787,2023-08-28T20:15:29.787Z,645975.387715951,5913343.00980763,10,10.0549602508545,4.05708837509155,-4.61505222320557,645975.387715951,5913343.00980763
493,31001003265,3265,1693253737.787,2023-08-28T20:15:37.787Z,646086.779506336,5913359.38263404,14,1.93817448616028,1.38054919242859,-0.746966898441315,646086.779506336,5913359.38263404
494,31001003265,3265,1693253745.787,2023-08-28T20:15:45.787Z,646159.051998615,5913394.64167726,10,5.19360446929932,3.60102653503418,-1.5925532579422,646159.051998615,5913394.64167726
495,31001003265,3265,1693253753.788,2023-08-28T20:15:53.788Z,646245.027076968,5913434.73672131,11,3.43707633018494,3.01472878456116,-0.670552730560303,646245.027076968,5913434.73672131
496,31001003265,3265,1693253761.787,2023-08-28T20:16:01.787Z,646327.377148668,5913486.23083136,7,39.9256629943848,19.8402328491211,-22.6098461151123,646327.377148668,5913486.23083136
497,31001003265,3265,1693253769.787,2023-08-28T20:16:09.787Z,646426.02929712,5913521.74689645,4,99.6587142944336,58.4466400146484,-66.4190673828125,646426.02929712,5913521.74689645
498,31001003265,3265,1693253777.786,2023-08-28T20:16:17.786Z,646502.346295238,5913521.74689645,5,50.0482330322266,20.4458618164063,-27.4221096038818,646502.346295238,5913568.62456367
499,31001003265,3265,1693255097.745,2023-08-28T20:38:17.745Z,647331.23803533,5913521.74689645,3,25.4064826965332,3.4518301486969,-1.0560667514801,647331.23803533,5913544.19557357
500,31001003265,3265,1693255105.745,2023-08-28T20:38:25.745Z,647436.117180188,5913490.88386376,3,15.1446018218994,2.52504253387451,-1.04652428627014,647436.117180188,5913490.88386376
501,31001003265,3265,1693255121.744,2023-08-28T20:38:41.744Z,647704.781344935,5913418.71082758,3,9.72807693481445,1.88156652450562,0.397369682788849,647704.781344935,5913418.71082758
502,31001003265,3265,1693255129.744,2023-08-28T20:38:49.744Z,647812.239757447,5913370.97977092,3,9.7737398147583,2.0241105556488,0.502059042453766,647812.239757447,5913370.97977092
503,31001003265,3265,1693255137.743,2023-08-28T20:38:57.743Z,647941.644111018,5913355.464385,3,24.3111686706543,4.2333459854126,5.58970832824707,647941.644111018,5913355.464385
504,31001003265,3265,1693255145.743,2023-08-28T20:39:05.743Z,647995.154696703,5913280.22658787,3,42.5192756652832,7.13244295120239,12.5420112609863,647995.154696703,5913280.22658787
505,31001003265,3265,1693255153.743,2023-08-28T20:39:13.743Z,648143.833174207,5913272.87084077,11,16.2166366577148,3.37575435638428,5.13178300857544,648143.833174207,5913272.87084077
506,31001003265,3265,1693255161.743,2023-08-28T20:39:21.743Z,648251.252656363,5913216.94200973,11,16.6054229736328,3.59098482131958,5.65339040756226,648251.252656363,5913216.94200973
507,31001003265,3265,1693255169.743,2023-08-28T20:39:29.743Z,648374.193560055,5913184.06673931,7,214.295501708984,37.8666954040527,80.244758605957,648374.193560055,5913184.06673931
508,31001003265,3265,1693255177.74,2023-08-28T20:39:37.740Z,648493.595185312,5913140.38266322,12,7.01963138580322,3.7421772480011,2.75532054901123,648493.595185312,5913140.38266322
509,31001003265,3265,1693255185.743,2023-08-28T20:39:45.743Z,648615.94468507,5913085.39550055,11,18.8687934875488,5.83813810348511,6.85340738296509,648615.94468507,5913085.39550055
510,31001003265,3265,1693255193.742,2023-08-28T20:39:53.742Z,648740.84559645,5913039.06373705,11,11.4349193572998,5.67137479782105,5.23027896881104,648740.84559645,5913039.06373705
511,31001003265,3265,1693255201.742,2023-08-28T20:40:01.742Z,648841.376376954,5912989.98361527,11,47.0409355163574,11.6885108947754,19.2369194030762,648841.376376954,5912989.98361527
512,31001003265,3265,1693255209.741,2023-08-28T20:40:09.741Z,648957.981349764,5912910.44351019,11,84.9147109985352,17.8792686462402,32.6828460693359,648957.981349764,5912910.44351019
513,31001003265,3265,1693255217.741,2023-08-28T20:40:17.741Z,649102.376969502,5912860.35427952,6,237.157196044922,42.2270050048828,88.4986038208008,649102.376969502,5912860.35427952
514,31001003265,3265,1693255225.74,2023-08-28T20:40:25.740Z,649183.063540883,5912788.69016669,11,7.00544023513794,3.34916281700134,3.25034761428833,649183.063540883,5912788.69016669
515,31001003265,3265,1693255233.739,2023-08-28T20:40:33.739Z,649300.330708323,5912749.70610111,11,22.7415504455566,16.0759429931641,12.3291263580322,649300.330708323,5912749.70610111
516,31001003265,3265,1693255241.738,2023-08-28T20:40:41.738Z,649416.110138785,5912709.58424498,10,17.5983276367188,111.517768859863,34.8399047851563,649416.110138785,5912709.58424498
517,31001003265,3265,1693255249.737,2023-08-28T20:40:49.737Z,649520.988411016,5912647.44290819,11,18.2529678344727,6.03878545761108,8.73451137542725,649520.988411016,5912647.44290819
518,31001003265,3265,1693255257.737,2023-08-28T20:40:57.737Z,649613.101362115,5912579.90588192,11,12.7231941223145,7.67141819000244,6.5986475944519,649613.101362115,5912579.90588192
519,31001003265,3265,1693255265.736,2023-08-28T20:41:05.736Z,649713.68090967,5912515.97525472,11,8.36413097381592,8.46079158782959,5.45891189575195,649713.68090967,5912515.97525472
520,31001003265,3265,1693255273.735,2023-08-28T20:41:13.735Z,649811.120904613,5912446.90993526,11,9.82450485229492,4.50004386901855,4.87543964385986,649811.120904613,5912446.90993526
521,31001003265,3265,1693255281.735,2023-08-28T20:41:21.735Z,649909.592575501,5912355.30532983,12,8.18738174438477,7.11975955963135,4.73852968215942,649909.592575501,5912355.30532983
522,31001003265,3265,1693255289.735,2023-08-28T20:41:29.735Z,650012.047056716,5912297.69237213,10,16.3856220245361,17.0723514556885,11.6867094039917,650012.047056716,5912297.69237213
523,31001003265,3265,1693255297.734,2023-08-28T20:41:37.734Z,650123.42558589,5912297.69237213,10,13.5516605377197,6.50965929031372,6.82248973846436,650123.42558589,5912250.54228119
524,31001003265,3265,1693255305.733,2023-08-28T20:41:45.733Z,650232.900134316,5912297.69237213,10,65.4025497436524,20.6108531951904,31.2235641479492,650232.900134316,5912206.34576705
525,31001003265,3265,1693255553.726,2023-08-28T20:45:53.726Z,651781.891999344,5912400.06757618,6,369.777984619141,132.963943481445,202.16584777832,651781.891999344,5912468.08389384
526,31001003265,3265,1693255561.726,2023-08-28T20:46:01.726Z,651809.938923451,5912446.48276617,7,122.235542297363,40.3628349304199,61.8125228881836,651863.098597813,5912400.06757618
527,31001003265,3265,1693255761.72,2023-08-28T20:49:21.720Z,651809.938923451,5912446.48276617,14,7.38157749176025,33.9968338012695,9.58237075805664,651889.26278018,5912598.89757684
528,31001003265,3265,1693255769.72,2023-08-28T20:49:29.720Z,651809.938923451,5912446.48276617,11,31.9885311126709,154.223403930664,57.8493766784668,651809.938923451,5912537.11539484
529,31001003265,3265,1693255777.72,2023-08-28T20:49:37.720Z,651766.066766313,5912446.48276617,12,24.7072429656982,104.250785827637,34.2429885864258,651766.066766313,5912446.48276617
531,31001003265,3265,1693255793.72,2023-08-28T20:49:53.720Z,651678.322452038,5912446.48276617,8,132.557113647461,553.064514160156,239.840835571289,651593.539595968,5912359.97643698
